huc12_id,ifi_measure_Flood,ifi_fp_AreaKM2,konrad_fp_area,k_totalCells,k_sum,k_percentArea,floodPlainAreaRatio,cell_In_IFI_FP
171001030404,0.7081254,6.118226,0,0,NA,NA,Inf,FALSE
171001040404,0.8559033,1.109088,0,0,NA,NA,Inf,FALSE
171001060107,0.7089245,2.113661,0,0,NA,NA,Inf,FALSE
170200090108,0.840727,0.7142839,0,0,NA,NA,Inf,FALSE
170200090109,0.981284,0.6362171,0,0,NA,NA,Inf,FALSE
170300010601,0.7821016,0.7964886,0,0,NA,NA,Inf,FALSE
170300010602,0.9424664,1.636821,0,0,NA,NA,Inf,FALSE
170300010605,0.915374,6.857853,0,0,NA,NA,Inf,FALSE
170300030102,0.6454826,2.528782,0,0,NA,NA,Inf,NA
170300010205,0.5857227,8.1969,0,0,NA,NA,Inf,FALSE
170300010301,0.6241122,3.129904,0,0,NA,NA,Inf,FALSE
170300010304,0.691559,6.589558,0,0,NA,NA,Inf,FALSE
171100050603,0.8325614,0.866972,0.42310000000000003,4231,3115,0.7362325691325927,2.049094776648546,TRUE
171100120201,0.4611729,4.66563,9.4944,94944,33776,0.3557465453319852,0.49140861981799794,TRUE
171100040604,0.7471729,0.007909934,0,0,NA,NA,Inf,FALSE
171100040602,0.7446999,1.089018,0,0,NA,NA,Inf,FALSE
171100040603,0.5765983,1.042627,0,0,NA,NA,Inf,FALSE
171100050607,0.7493696,0.525359,0.32930000000000004,3293,2522,0.7658669905860918,1.595381111448527,TRUE
171100070107,0.6079782,28.97598,48.771100000000004,487711,236146,0.4841924828433232,0.5941219287651908,TRUE
171100080204,0.9991219,0.7248806,0.22360000000000002,2236,2059,0.9208407871198568,3.2418631484794274,TRUE
171100110101,0.7541187,5.731152,8.161800000000001,81618,65988,0.8084981254135117,0.7021921634933469,TRUE
171100100401,0.6975735,1.963885,2.4811,24811,21006,0.8466406029583653,0.7915380274878079,TRUE
171100100402,0.5591963,2.239152,2.7182,27182,17634,0.648738135530866,0.8237627841954234,TRUE
171100130203,0.7241162,2.201846,3.9674,39674,9352,0.23572112718657054,0.5549846246912336,TRUE
171100140401,0.4753358,6.728576,5.232,52320,46604,0.8907492354740061,1.2860428134556574,TRUE
171100150112,0.4195697,5.418929,16.0528,160528,32794,0.20428834845011462,0.3375690845210804,TRUE
171100150306,0.8980716,2.839482,19.271800000000002,192718,127522,0.6617025913510933,0.14733870214510317,TRUE
171100200506,0.9941175,1.122077,0.5882000000000001,5882,5882,1,1.9076453587215232,TRUE
171100190603,0.6452196,1.705624,0,0,NA,NA,Inf,FALSE
171100180108,0,0,0,0,NA,NA,NA,NA
170200080201,0.7497054,0.5266036,0,0,NA,NA,Inf,FALSE
170300020101,0.983249,0.2984988,0,0,NA,NA,Inf,FALSE
170300020308,0.4741014,4.624305,0,0,NA,NA,Inf,FALSE
171100190502,0.7036599,0.7513198,0,0,NA,NA,Inf,FALSE
171100150307,0.4648142,17.9552,46.2926,462926,265945,0.574487067047433,0.38786328700483447,TRUE
171100190900,0.9074447,8.794702,3.1755,31755,31571,0.9942056369075736,2.769548732483073,TRUE
171100150308,0.4716745,5.888511,5.8344000000000005,58344,8631,0.14793294940353763,1.0092744755244756,TRUE
171100190304,0.4596073,1.798808,0,0,NA,NA,Inf,FALSE
171100190501,0.7700354,0.0310358,0,0,NA,NA,Inf,FALSE
171100191100,0.6952079,12.91043,16.6375,166375,141766,0.8520871525169046,0.7759837716003005,TRUE
171100191200,0.6555401,3.781234,0.6563,6563,56,0.008532683224135303,5.761441413987506,TRUE
170300020302,0.949339,2.8290130000000002,0,0,NA,NA,Inf,FALSE
170800040104,0.9086733,2.610893,0,0,NA,NA,Inf,FALSE
170300010101,0.72038,2.754091,0,0,NA,NA,Inf,FALSE
171100100201,0.921553,2.231513,1.5272000000000001,15272,14827,0.9708617077003667,1.4611792823467784,TRUE
171100190604,0.8047451,3.622489,0,0,NA,NA,Inf,FALSE
171100150108,0.5135546,0.5638658,4.008,40080,21769,0.5431387225548903,0.14068507984031936,TRUE
171100150109,0.6163915,3.538516,4.463900000000001,44639,28521,0.6389256031721141,0.792696072940702,TRUE
170800040506,0.5287099,11.70563,0,0,0,NA,Inf,NA
170800050103,0.9550222,0.205549,0,0,NA,NA,Inf,FALSE
170800050301,0.4254256,22.10019,0,0,NA,NA,Inf,NA
171100190504,0.9991626,0.01577513,0,0,NA,NA,Inf,FALSE
171001030110,0.875461,6.208195,0,0,NA,NA,Inf,FALSE
171001030202,0.6601307,2.196067,0,0,NA,NA,Inf,FALSE
171001030501,0.4263457,15.04951,0,0,NA,NA,Inf,FALSE
171001040403,0.4137528,11.25494,0,0,NA,NA,Inf,FALSE
171100210202,0.7063145,1.289361,0,0,NA,NA,Inf,FALSE
171001060302,0.4260534,12.96169,0,0,NA,NA,Inf,FALSE
171100120303,0.5597241,1.313778,3.3676000000000004,33676,14218,0.42219978619788573,0.3901229362157025,TRUE
171100090702,0.4583131,26.7586,28.3975,283975,111977,0.3943199225283916,0.942287173166652,TRUE
171100100603,0.5001133,24.52618,24.630000000000003,246300,70985,0.28820544051969144,0.9957848152659358,TRUE
171100110201,0.1153315,19.35106,26.8473,268473,10023,0.037333363131488086,0.720782350552942,TRUE
171100110202,0.3303435,13.20589,13.722000000000001,137220,67407,0.49123305640577175,0.9623881358402564,TRUE
171100190202,0.4520429,1.431079,0,0,NA,NA,Inf,FALSE
171100051007,0.6319228,2.8567,1.2248000000000001,12248,6150,0.5021227955584585,2.3323807968647943,TRUE
171100070103,0.4429422,2.550737,0.079,790,756,0.9569620253164557,32.28781012658228,TRUE
171001010601,0.9564981,1.880431,0,0,0,NA,Inf,NA
171001010501,0.9848977,3.128876,0,0,0,NA,Inf,NA
171001030108,0.385302,11.87703,0,0,NA,NA,Inf,FALSE
171001030109,0.6517543,4.134398,0,0,NA,NA,Inf,FALSE
171001010704,0.7628124,11.73079,0,0,NA,NA,Inf,NA
171001010701,0.9530802,1.619176,0,0,NA,NA,Inf,FALSE
171001010702,0.840717,6.545132,0,0,NA,NA,Inf,FALSE
171001010703,0.8040838,9.836586,0,0,NA,NA,Inf,FALSE
171001020201,0.8805122,2.891458,0,0,NA,NA,Inf,FALSE
171001020202,0.6606059,7.798062,0,0,NA,NA,Inf,FALSE
171001020203,0.9600161,3.020877,0,0,NA,NA,Inf,FALSE
171001030406,0.821641,2.32637,0,0,NA,NA,Inf,FALSE
171001030407,0.7057861,8.986683,0,0,NA,NA,Inf,FALSE
171001020401,0.8697437,2.232105,0,0,NA,NA,Inf,FALSE
171001020402,0.9858595,0.5130333,0,0,NA,NA,Inf,FALSE
171001020403,0.8480107,5.967138,0,0,NA,NA,Inf,FALSE
171001020404,0.9163837,1.104397,0,0,NA,NA,Inf,FALSE
171001020405,0.7184549,6.911228,0,0,NA,NA,Inf,FALSE
171001040104,0.7676602,9.398136,0,0,NA,NA,Inf,FALSE
171001040105,0.5044696,14.53742,0,0,NA,NA,Inf,FALSE
171001040106,0.3621746,9.464147,0,0,NA,NA,Inf,FALSE
171001020205,0.911796,3.815301,0,0,NA,NA,Inf,NA
171001020406,0.966065,2.778051,0,0,NA,NA,Inf,FALSE
171001020407,0.6305747,21.43227,0,0,NA,NA,Inf,FALSE
171001020408,0.6289797,6.251119,0,0,NA,NA,Inf,NA
171001030505,0.5217714,25.32793,0,0,NA,NA,Inf,FALSE
171001030502,0.9322328,1.296405,0,0,NA,NA,Inf,FALSE
171001030503,0.5651222,3.092749,0,0,NA,NA,Inf,FALSE
171001030504,1,0.255249,0,0,NA,NA,Inf,FALSE
171001030506,0.7711705,3.808918,0,0,NA,NA,Inf,FALSE
171001030507,0.5118527,3.523392,0,0,NA,NA,Inf,FALSE
171001030508,0.7606431,3.35006,0,0,NA,NA,Inf,FALSE
171001030509,0.8201546,13.32553,0,0,NA,NA,Inf,FALSE
171001030510,0.8612512,1.7972,0,0,NA,NA,Inf,FALSE
171001030511,0.8140985,9.724755,0,0,NA,NA,Inf,FALSE
171001040101,0.6580646,7.473677,0,0,NA,NA,Inf,FALSE
171001040102,0.4148409,19.66815,0,0,NA,NA,Inf,FALSE
171001040103,0.7215541,10.16415,0,0,NA,NA,Inf,FALSE
171100200307,0.4732223,18.39512,32.2248,322248,42892,0.1331024552518557,0.5708373674933591,TRUE
171100200401,0.8543782,0.9721177,0,0,NA,NA,Inf,FALSE
171100100103,0.7162149,2.634218,3.6809000000000003,36809,28210,0.766388654948518,0.7156450867994241,TRUE
171001010602,0.8884059,5.108045,0,0,NA,NA,Inf,FALSE
171001030103,0.2762937,7.062804,0,0,NA,NA,Inf,FALSE
171001030104,0.6458077,6.384067,0,0,NA,NA,Inf,FALSE
171001030106,0.9184206,2.862982,0,0,NA,NA,Inf,NA
171001030107,0.5223226,17.91181,0,0,NA,NA,Inf,FALSE
171001030111,0.5040798,14.64798,0,0,NA,NA,Inf,FALSE
171001030201,0.8929106,0.622898,0,0,NA,NA,Inf,FALSE
171001040203,0.7067008,9.817454,0,0,NA,NA,Inf,FALSE
171001040107,0.4025475,7.367235,0,0,NA,NA,Inf,FALSE
171001040201,0.8378497,2.397957,0,0,NA,NA,Inf,FALSE
171001040202,0.7027361,15.08155,0,0,NA,NA,Inf,FALSE
171001040204,0.5455464,3.935986,0,0,NA,NA,Inf,FALSE
171001040205,0.3639307,16.97679,0,0,NA,NA,Inf,FALSE
171001040301,0.7098151,3.866815,0,0,NA,NA,Inf,FALSE
171001040302,0.7176517,3.318344,0,0,NA,NA,Inf,FALSE
171001040303,0.6295835,9.787079,0,0,NA,NA,Inf,FALSE
171001040304,0.3108622,13.65247,0,0,NA,NA,Inf,FALSE
171100200504,1,0.6849017,0.26,2600,2578,0.9915384615384616,2.6342373076923074,TRUE
171100200501,0.8743402,2.143894,0.9984000000000001,9984,9742,0.975761217948718,2.1473297275641023,TRUE
171100200502,0.9658727,0.7809142,0.055900000000000005,559,559,1,13.969842576028622,TRUE
171100200503,0.9793311,0.6253823,0.019200000000000002,192,165,0.859375,32.57199479166666,TRUE
171100200505,0.8876774,4.044411,2.7069,27069,26128,0.9652369869592523,1.4941117145073701,TRUE
171100200507,0.9873537,0.6317095,0.29100000000000004,2910,2909,0.9996563573883162,2.170823024054983,TRUE
171100200508,0.8664254,3.811013,2.0829,20829,19684,0.9450285659417159,1.829666810696625,TRUE
171100200509,0.9898973,0.5234971,0.169,1690,1677,0.9923076923076923,3.097615976331361,TRUE
171100200510,0.7611586,1.092394,1.9801000000000002,19801,19624,0.9910610575223474,0.5516862784707843,TRUE
171100200511,0.9205216,0.5844378,0.3592,3592,3368,0.9376391982182628,1.627054008908686,TRUE
171100200512,0.8090318,3.957407,3.0365,30365,27708,0.9124979417092047,1.3032791042318457,TRUE
171100200513,0.7670629,1.761984,0.17300000000000001,1730,1246,0.7202312138728324,10.184878612716762,TRUE
171100200514,0.6573869,5.36014,6.1587000000000005,61587,50756,0.8241349635475019,0.8703362722652508,TRUE
171100210201,0.9346719,0.3451916,0,0,NA,NA,Inf,FALSE
171100210203,0.95548,0.7785373,0,0,NA,NA,Inf,NA
171100210301,0.9775974,0.207139,0,0,NA,NA,Inf,FALSE
171001030205,0.453667,9.104542,0,0,NA,NA,Inf,FALSE
171001030203,0.5182525,7.78348,0,0,NA,NA,Inf,FALSE
171001030204,0.7451044,1.517164,0,0,NA,NA,Inf,FALSE
171001030206,0.4747274,8.033665,0,0,NA,NA,Inf,FALSE
171001030301,0.7148849,0.5385025,0,0,NA,NA,Inf,FALSE
171001030302,0.7871098,2.219062,0,0,NA,NA,Inf,FALSE
171001030303,0.7573199,4.883362,0,0,NA,NA,Inf,FALSE
171001030304,0.6712037,10.81377,0,0,NA,NA,Inf,FALSE
171001030305,0.4488742,7.176971,0,0,NA,NA,Inf,FALSE
171001030401,0.5660136,2.85074,0,0,NA,NA,Inf,FALSE
171001030402,0.4614859,10.46883,0,0,NA,NA,Inf,FALSE
171001030403,0.776089,9.060794,0,0,NA,NA,Inf,FALSE
171001030405,0.4076682,12.99062,0,0,NA,NA,Inf,FALSE
171001040401,0.6493886,4.752209,0,0,NA,NA,Inf,FALSE
171001040402,0.5211865,1.203541,0,0,NA,NA,Inf,FALSE
171001040405,0.3890926,29.63016,0,0,NA,NA,Inf,FALSE
171001040406,0.4454763,25.75156,0,0,NA,NA,Inf,FALSE
171001040407,0.4392827,37.92027,0,0,NA,NA,Inf,FALSE
171001050101,0.8741738,4.042387,0,0,NA,NA,Inf,FALSE
171001050102,0.7127426,9.23892,0,0,NA,NA,Inf,NA
171001050103,0.7926922,9.241492,0,0,NA,NA,Inf,FALSE
171001050202,0.2897599,12.10632,0,0,NA,NA,Inf,NA
171001050301,0.3331191,9.02686,0,0,NA,NA,Inf,NA
171001060105,0.489244,2.464849,0,0,NA,NA,Inf,FALSE
171001060106,0.5873213,9.247675,0,0,NA,NA,Inf,FALSE
171001060108,0.5878468,17.94776,0,0,NA,NA,Inf,FALSE
171001060304,0.4022524,4.371267,0,0,NA,NA,Inf,FALSE
171001060305,0.3065804,9.225046,0,0,NA,NA,Inf,FALSE
171001060306,0.4306085,15.3381,0,0,NA,NA,Inf,FALSE
171100210305,0.8243811,0.4216955,0.2511,2511,1159,0.46156909597769813,1.6793926722421346,TRUE
171001060102,0.7308109,3.557197,0,0,NA,NA,Inf,FALSE
171001060101,0.7662365,1.551242,0,0,NA,NA,Inf,FALSE
171001060103,0.66964920000000006,3.506243,0,0,NA,NA,Inf,FALSE
171001060104,0.6417618,7.234332,0,0,NA,NA,Inf,FALSE
171001060201,0.5431495,2.177013,0,0,NA,NA,Inf,FALSE
171001060202,0.5365898,8.646399,0,0,NA,NA,Inf,FALSE
171001060203,0.7434855,0.07606232,0,0,NA,NA,Inf,NA
171001060301,0.5452994,4.976338,0,0,NA,NA,Inf,NA
171001060303,0.7168921,2.650369,0,0,NA,NA,Inf,FALSE
171001060307,0.5364407,2.126579,0,0,NA,NA,Inf,FALSE
171001060401,0.5968807,5.912199,0,0,NA,NA,Inf,NA
170200090107,0.9787316,0.7265897,0,0,NA,NA,Inf,FALSE
170300020102,0.9099516,2.643348,0,0,NA,NA,Inf,FALSE
170300020103,0.7868086,2.139655,0,0,NA,NA,Inf,FALSE
170300020104,0.9368394,1.106747,0,0,NA,NA,Inf,FALSE
170300020105,0.8398781,2.988735,0,0,NA,NA,Inf,FALSE
170300020106,0.5777666,2.563097,0,0,NA,NA,Inf,FALSE
170300020107,0.4728261,3.783833,0,0,NA,NA,Inf,FALSE
170300020108,0.6128174,4.671714,0,0,NA,NA,Inf,FALSE
170300020109,0.654105,2.017883,0,0,NA,NA,Inf,FALSE
170300010603,0.7442899,1.083915,0,0,NA,NA,Inf,FALSE
170300010701,0.8012325,0.9240147,0,0,NA,NA,Inf,FALSE
170300020201,0.8559333,0.1122826,0,0,NA,NA,Inf,FALSE
170300020202,0.4933259,5.040691,0,0,NA,NA,Inf,FALSE
170200070104,0.7403837,0.7341892,0,0,NA,NA,Inf,FALSE
170200070101,0.9851581,0.7474124,0,0,NA,NA,Inf,FALSE
170200070102,0.9892012,1.213706,0,0,NA,NA,Inf,FALSE
170200070103,0.7476113,0.1687839,0,0,NA,NA,Inf,FALSE
170200080103,0.8339137,0.4466214,0,0,NA,NA,Inf,FALSE
170200080202,0.7508327,0.1862788,0,0,NA,NA,Inf,FALSE
170200080203,0.7481237,0.4932877,0,0,NA,NA,Inf,NA
170200080204,0.7672912,1.320584,0,0,NA,NA,Inf,FALSE
170200080205,0.7914921,3.25704,0,0,NA,NA,Inf,FALSE
170200080501,0.7470567,0.1404258,0,0,NA,NA,Inf,FALSE
170200080502,0.7470044,0.1731616,0,0,NA,NA,Inf,FALSE
170200080503,0.7074681,0.8208344,0,0,NA,NA,Inf,NA
170200080504,0.7289997,0.4846551,0,0,NA,NA,Inf,NA
170200090113,0.7693785,0.2753671,0,0,NA,NA,Inf,FALSE
170200090114,0.8515421,3.583383,0,0,NA,NA,Inf,FALSE
170200090201,0.9000388,0.6331319,0,0,NA,NA,Inf,FALSE
170200090202,0.746853,0.3001105,0,0,NA,NA,Inf,FALSE
170200090203,0.7884366,1.043538,0,0,NA,NA,Inf,FALSE
170200090204,0.747954,0.748335,0,0,NA,NA,Inf,FALSE
170200090206,0.7537515,0.7666035,0,0,NA,NA,Inf,FALSE
170200090101,0.8263,0.2091034,0,0,NA,NA,Inf,FALSE
170200090102,0.9402347,0.234565,0,0,NA,NA,Inf,FALSE
170200090103,0.9796003,0.5976454,0,0,NA,NA,Inf,FALSE
170200090104,0.9341013,0.622746,0,0,NA,NA,Inf,FALSE
170200090105,0.95223120000000006,0.5464545,0,0,NA,NA,Inf,FALSE
170200090106,0.8342773,0.3652255,0,0,NA,NA,Inf,FALSE
170200090110,0.9599169,0.5163125,0,0,NA,NA,Inf,FALSE
170200090111,0.9826648,0.5934685,0,0,NA,NA,Inf,FALSE
170200090112,0.7408479,0.1716052,0,0,NA,NA,Inf,FALSE
170200100101,0.7364689,0.1764008,0,0,NA,NA,Inf,NA
170200100201,0.7479989,0.6187741,0,0,NA,NA,Inf,FALSE
170200100202,0.7407075,1.123234,0,0,NA,NA,Inf,FALSE
170200100203,0.7494712,0.399704,0,0,NA,NA,Inf,FALSE
170200100204,0.8449723,1.630678,0,0,NA,NA,Inf,NA
170200110104,0.9286823,2.270225,0,0,NA,NA,Inf,FALSE
170200110101,0.9713098,0.7504612,0,0,NA,NA,Inf,FALSE
170200110102,0.9623174,1.779447,0,0,NA,NA,Inf,FALSE
170200110103,1,0.1947563,0,0,NA,NA,Inf,FALSE
170200110106,0.9977218,0.5347478,0,0,NA,NA,Inf,FALSE
170200110105,0.965141,5.818254,0,0,NA,NA,Inf,FALSE
170200110107,0.9895857,0.6229236,0,0,NA,NA,Inf,FALSE
170300010102,0.5020138,2.818272,0,0,NA,NA,Inf,FALSE
170300010103,0.9194599,3.33335,0,0,NA,NA,Inf,FALSE
170300010104,0.6351541,2.31755,0,0,NA,NA,Inf,FALSE
170300010105,0.9514078,1.500358,0,0,NA,NA,Inf,FALSE
170300010203,0.6686814,1.29568,0,0,NA,NA,Inf,FALSE
170300010106,0.6990625,4.129421,0,0,NA,NA,Inf,FALSE
170300010201,0.6835008,1.035788,0,0,NA,NA,Inf,FALSE
170300010202,0.5361919,2.019507,0,0,NA,NA,Inf,FALSE
170300010204,0.9437195,2.420454,0,0,NA,NA,Inf,FALSE
170300010302,0.7789001,1.296455,0,0,NA,NA,Inf,FALSE
170300010303,0.9076789,1.317691,0,0,NA,NA,Inf,FALSE
170300010305,0.5102594,2.534831,0,0,NA,NA,Inf,FALSE
170300010306,0.4565063,16.95882,0,0,NA,NA,Inf,FALSE
170300010307,0.4783634,15.02835,0,0,NA,NA,Inf,FALSE
170300010503,0.6982589,1.433789,0,0,NA,NA,Inf,FALSE
170300010502,0.5432466,1.956884,0,0,NA,NA,Inf,FALSE
170300010501,0.5877723,1.302843,0,0,NA,NA,Inf,FALSE
170300010504,0.857873,3.271707,0,0,NA,NA,Inf,FALSE
170300010505,0.5921999,3.953459,0,0,NA,NA,Inf,FALSE
170300010506,0.7305694,4.007429,0,0,NA,NA,Inf,FALSE
170300010507,0.4810932,16.7093,0,0,NA,NA,Inf,FALSE
170300010508,0.7352763,1.763319,0,0,NA,NA,Inf,FALSE
170300010509,0.760595,0.6574841,0,0,NA,NA,Inf,FALSE
170300010511,0.5357332,27.19603,0,0,NA,NA,Inf,FALSE
170300020204,0.7809509,0.883328,0,0,NA,NA,Inf,FALSE
170300020203,0.9212475,1.28438,0,0,NA,NA,Inf,FALSE
170300020205,0.9944259,0.7350866,0,0,NA,NA,Inf,FALSE
170300020206,0.7203665,3.80939,0,0,NA,NA,Inf,FALSE
170300020207,0.6191781,3.336675,0,0,NA,NA,Inf,FALSE
170300020208,0.5490347,4.930599,0,0,NA,NA,Inf,FALSE
170300020301,0.9275579,1.170253,0,0,NA,NA,Inf,FALSE
170300020312,0.4663732,22.43009,0,0,NA,NA,Inf,FALSE
170300020306,0.6974887,0.9622285,0,0,NA,NA,Inf,FALSE
170300020304,0.8359097,2.060356,0,0,NA,NA,Inf,FALSE
170300020305,0.8267074,2.093745,0,0,NA,NA,Inf,FALSE
170300020307,0.9740024,0.5668525,0,0,NA,NA,Inf,FALSE
170300020309,0.8098968,1.174386,0,0,NA,NA,Inf,FALSE
170300020310,0.7939451,1.20141,0,0,NA,NA,Inf,FALSE
170300020311,0.6765551,5.289834,0,0,NA,NA,Inf,FALSE
170300030104,0.8821688,2.980993,0,0,NA,NA,Inf,NA
170300030204,0.6899008,1.495992,0,0,NA,NA,Inf,FALSE
170300030205,0.4442999,8.484201,0,0,NA,NA,Inf,NA
170200110108,0.981134,1.212883,0,0,NA,NA,Inf,FALSE
170200110109,0.9974474,0.2875325,0,0,NA,NA,Inf,FALSE
170200110110,0.9858246,3.402887,0,0,NA,NA,Inf,FALSE
170200110203,0.5225878,4.437056,0,0,NA,NA,Inf,FALSE
170200110111,0.9534719,1.085537,0,0,NA,NA,Inf,FALSE
170200110201,0.6798066,1.392298,0,0,NA,NA,Inf,FALSE
170200110202,0.815768,0.471703,0,0,NA,NA,Inf,FALSE
170200110301,0.746469,0.270261,0,0,NA,NA,Inf,FALSE
170200110302,0.8936036,0.1545368,0,0,NA,NA,Inf,FALSE
170200110303,0.9829343,2.22692,0,0,NA,NA,Inf,FALSE
170200110304,0.9242437,0.5887542,0,0,NA,NA,Inf,FALSE
170200110305,0.9025538,4.570983,0,0,NA,NA,Inf,FALSE
170200110306,0.7463902,0.5024135,0,0,NA,NA,Inf,FALSE
170200110307,0.9449406,1.614563,0,0,NA,NA,Inf,FALSE
170200110401,0.9647009,1.789586,0,0,NA,NA,Inf,FALSE
170200110406,0.4866808,2.997781,0,0,NA,NA,Inf,FALSE
170200110501,0.4357865,0.6423923,0,0,NA,NA,Inf,FALSE
170200110502,0.644775,1.154663,0,0,NA,NA,Inf,FALSE
170200110403,0.8886325,0.940032,0,0,NA,NA,Inf,FALSE
170200110308,0.7231696,2.592105,0,0,NA,NA,Inf,FALSE
170200110402,0.7781321,0.6799982,0,0,NA,NA,Inf,FALSE
170200110404,0.5328472,2.658652,0,0,NA,NA,Inf,FALSE
170200110405,0.9072089,0.431264,0,0,NA,NA,Inf,FALSE
170200110503,0.6082306,1.971145,0,0,NA,NA,Inf,FALSE
170200110701,0.6907031,5.011736,0,0,NA,NA,Inf,FALSE
170200110702,0.7081357,1.140201,0,0,NA,NA,Inf,FALSE
170200110703,0.5769941,2.251841,0,0,NA,NA,Inf,FALSE
170200110704,0.7833729,0.5443698,0,0,NA,NA,Inf,FALSE
170200110705,0.649131,1.375027,0,0,NA,NA,Inf,FALSE
170200110706,0.6180381,2.936423,0,0,NA,NA,Inf,FALSE
171100060105,0.7251955,2.256882,3.2082,32082,27789,0.8661866467177857,0.7034729755002805,TRUE
171100060106,0.8084466,4.037253,5.777200000000001,57772,54213,0.9383957626531884,0.6988252094440213,TRUE
171100060201,0.8718376,0.8895477,0.7472000000000001,7472,4450,0.5955567451820128,1.190508163811563,TRUE
171100060203,0.9669189,0.996054,1.7272,17272,16143,0.934634089856415,0.5766871236683649,TRUE
171100060204,0.9508931,0.7856178,1.2678,12678,12554,0.9902192774885629,0.6196701372456224,TRUE
171100060205,0.7474979,1.282745,1.7795,17795,16018,0.9001404889013768,0.7208457431862882,TRUE
171100060301,0.9974388,0.2131319,0.0373,373,373,1,5.713991957104558,TRUE
171100060302,0.9483871,0.7904539,1.0302,10302,9875,0.9585517375266939,0.7672819840807611,TRUE
171100060303,0.7224182,4.276535,9.478100000000001,94781,87070,0.9186440320317363,0.4512017176438315,TRUE
171100060304,0.9782699,0.3782939,0.2773,2773,2690,0.9700685178507032,1.364204471691309,TRUE
171100060305,0.8871662,6.769395,13.1685,131685,117712,0.8938907240763945,0.5140596878915594,TRUE
171100070104,0.3678055,15.37308,10.8702,108702,78428,0.7214954646648636,1.414240768339129,TRUE
171100070105,0.3766199,21.849,22.0186,220186,87987,0.3996030628650323,0.9922974212711072,TRUE
171100070106,0.9732366,1.769474,3.0735,30735,21997,0.7156987148202375,0.5757195379860094,TRUE
171100070201,0.6886069,6.922163,10.237400000000001,102374,23578,0.23031238400375095,0.6761641627757047,TRUE
171100070202,0.555838,9.333238,14.0797,140797,36021,0.2558364169691116,0.6628861410399369,TRUE
171100070203,0.4449688,42.97233,52.9532,529532,111633,0.21081445502821358,0.811515262533709,TRUE
171100070204,0.470238,91.70146,130.4036,1304036,96946,0.07434303960933594,0.7032126413687965,TRUE
171100080101,0.9776674,1.229698,0.7818,7818,7447,0.9525454080327449,1.5729061140956764,TRUE
171100080102,0.7451861,3.055485,5.9817,59817,43891,0.7337546182523363,0.5108054566427604,TRUE
171100080103,0.8795325,3.072427,4.305000000000001,43050,29565,0.6867595818815331,0.7136880371660858,TRUE
171100080104,0.9417409,2.069427,1.7737,17737,14763,0.8323279021255003,1.1667288718498054,TRUE
171100080105,0.7801369,4.073904,6.6624,66624,48004,0.7205211335254563,0.6114769452449568,TRUE
171100080106,0.4721777,4.295926,7.4579,74579,30830,0.41338714651577524,0.576023545502085,TRUE
171100080107,0.9922383,0.8233738,0.9387000000000001,9387,8881,0.9460956642164696,0.8771426440822414,TRUE
171100080108,0.825873,2.916603,3.7082,37082,31957,0.8617927835607573,0.7865279650504287,TRUE
171100080109,0.6200559,12.57441,17.8994,178994,71589,0.39995195369677194,0.7025045532252477,TRUE
171100080201,0.94241490000000006,1.019942,1.3626,13626,12154,0.89197123146925,0.7485263466901511,TRUE
171100080202,0.771624,2.813269,4.2081,42081,36279,0.8621230484066443,0.6685366317340368,TRUE
171100080203,0.6939041,4.649357,6.006200000000001,60062,50862,0.846824947554194,0.7740929372981252,TRUE
171100090501,0.9223005,0.7695354,0.393,3930,1868,0.4753180661577608,1.9581053435114502,TRUE
171100090103,0.9461722,3.666779,3.217,32170,29938,0.9306185887472801,1.1398131799813491,TRUE
171100090502,0.9654525,1.945705,8.602400000000001,86024,15003,0.17440481726029944,0.2261816469822375,TRUE
171100090303,0.4603242,4.303468,4.0538,40538,31999,0.7893581331096748,1.061588632887661,TRUE
171100090401,0.9318598,1.556227,0.9024000000000001,9024,8110,0.8987145390070922,1.7245423315602835,TRUE
171100090402,0.6600732,2.028835,2.1941,21941,19694,0.8975889886513833,0.9246775443234126,TRUE
171100080207,0.5816192,7.109747,9.3376,93376,50846,0.544529643591501,0.7614105337559972,TRUE
171100080205,0.8919039,2.697685,3.6363000000000003,36363,32324,0.8889255561972335,0.741876357836262,TRUE
171100080206,0.799955,2.929422,4.1276,41276,33068,0.8011435216590755,0.7097155732144588,TRUE
171100080301,0.8638905,1.2501,1.6852,16852,15939,0.945822454308094,0.7418110610016615,TRUE
171100080302,0.7678276,3.091424,4.697,46970,36382,0.774579518841814,0.6581698956780924,TRUE
171100080303,0.4659049,24.83678,27.4406,274406,53246,0.19404094662653149,0.9051106754225491,TRUE
171100080304,0.4583596,28.74646,35.213100000000004,352131,29305,0.08322186913393027,0.8163569807827199,TRUE
171100090101,0.9722062,0.6543715,0.677,6770,6545,0.9667651403249631,0.9665753323485967,TRUE
171100090102,0.6848408,0.7048807,0.35660000000000003,3566,2219,0.6222658440830061,1.9766704991587212,TRUE
171100090104,0.6979753,1.84821,2.3384,23384,17624,0.7536777283612727,0.7903737598357851,TRUE
171100090201,0.9779666,1.300493,1.4422000000000001,14422,13177,0.9136735542920538,0.9017424767715988,TRUE
171100090202,0.98556,0.5926898,0.1404,1404,1290,0.9188034188034188,4.221437321937322,TRUE
171100090203,0.8117356,2.409486,3.3822,33822,31227,0.9232747915557921,0.7124019868724498,TRUE
171100090301,0.82396,3.180236,2.547,25470,22863,0.8976442873969376,1.2486203376521396,TRUE
171100090302,0.4305232,7.501212,7.8211,78211,53150,0.6795719272225135,0.9590993594251447,TRUE
171100090503,0.5611306,3.551956,4.9652,49652,29106,0.5861999516635785,0.7153701764279384,TRUE
171100090403,0.7223468,4.058927,5.279100000000001,52791,48283,0.9146066564376504,0.7688672311568259,TRUE
171100090601,0.721349,3.478583,5.790900000000001,57909,45812,0.7911032827367076,0.6006981643613255,TRUE
171100090602,0.3759041,7.234362,10.430900000000001,104309,47332,0.45376717253544757,0.6935510837990968,TRUE
171100090603,0.4468536,16.09479,18.0121,180121,117908,0.6546044048167621,0.8935543329206478,TRUE
171100090701,0.4842776,5.51802,10.3709,103709,57099,0.5505693816351522,0.5320676122612309,TRUE
171100100101,0.9246062,0.9609488,0.3546,3546,3191,0.8998871968415115,2.70995149464185,TRUE
171100100102,0.7098888,2.743218,4.2197000000000005,42197,36719,0.8701803445742589,0.6500978742564637,TRUE
170200070106,0,0,0,0,0,NA,NA,NA
171100100104,0.779198,2.857767,3.9795000000000003,39795,25396,0.6381706244503078,0.718122125895213,TRUE
171100100202,0.981342,1.843817,2.6591,26591,25578,0.9619044037456282,0.6933988943627544,TRUE
171100100203,0.9463454,1.556262,1.0889,10889,10246,0.940949582147121,1.4292056203508128,TRUE
171100100204,0.9793442,1.378976,1.2485000000000002,12485,12263,0.9822186623948739,1.1045062074489385,TRUE
171100100205,0.435348,11.72445,12.72,127200,98534,0.7746383647798742,0.9217334905660376,TRUE
171100100301,0.6185479,3.295639,3.7350000000000003,37350,26776,0.7168942436412316,0.882366532797858,TRUE
171100100302,0.4183846,16.2955,18.004,180040,64080,0.35592090646522995,0.9051044212397245,TRUE
171100100403,0.9276803,1.268387,0.34290000000000004,3429,1598,0.46602508019830857,3.6989997083697865,TRUE
171100100404,0.467744,31.62202,36.7065,367065,131919,0.3593886641330555,0.8614828436380477,TRUE
171100100501,0.8433377,1.020714,0.2753,2753,2174,0.7896839811115147,3.7076425717399197,TRUE
171100100502,0.8306802,2.228701,2.4752,24752,21410,0.8649806076276665,0.9004124919198448,TRUE
171100100503,0.8882279,0.6942541,0,0,NA,NA,Inf,FALSE
170800040103,0.911426,2.41819,0,0,NA,NA,Inf,FALSE
170800040101,0.9394803,1.230703,0,0,NA,NA,Inf,FALSE
170800040102,0.8284436,3.649005,0,0,NA,NA,Inf,FALSE
170800040201,0.8642575,2.085134,0,0,NA,NA,Inf,FALSE
170800040202,0.3727754,5.641309,0,0,NA,NA,Inf,FALSE
170800040203,0.5948129,1.206365,0,0,NA,NA,Inf,FALSE
170800040204,0.809329,2.07124,0,0,NA,NA,Inf,FALSE
170800040206,0.25,11.79906,0,0,NA,NA,Inf,FALSE
171100100601,0.4338672,21.14913,23.227,232270,63008,0.2712705041546476,0.9105407499892366,TRUE
171100100504,0.9108058,1.463333,1.5841,15841,14886,0.9397134019316963,0.9237630200113629,TRUE
171100100505,0.5203304,3.57428,4.5526,45526,33222,0.729736853666037,0.7851074111496728,TRUE
171100100602,0.6994926,4.37423,5.1249,51249,19331,0.377197603855685,0.8535249468282308,TRUE
171100110102,0.6209756,1.21034,7.1959,71959,28514,0.39625342208757763,0.1681985575119165,TRUE
171100110103,0.4332606,8.282802,14.7225,147225,54956,0.3732789947359484,0.5625948038716251,TRUE
170800040502,0.9804001,0.7927621,0,0,NA,NA,Inf,FALSE
170800040504,0.5610364,17.21642,0,0,NA,NA,Inf,NA
170800050106,0.775836,5.29519,0,0,NA,NA,Inf,FALSE
171100120102,0.9912817,1.267355,1.116,11160,10636,0.9530465949820789,1.1356227598566306,TRUE
171100110203,0.2993139,67.22653,78.5423,785423,161669,0.20583685479034863,0.8559276975591497,TRUE
171100110204,0.6980665,1.205015,0,0,NA,NA,Inf,FALSE
171100120101,0.9721269,0.512485,0.3336,3336,3179,0.9529376498800959,1.5362260191846522,TRUE
171100120103,0.9801274,3.718573,5.0779000000000005,50779,47794,0.9412158569487387,0.7323052836802615,TRUE
171100120104,0.9093317,2.069459,1.6046,16046,14629,0.9116913872616228,1.2897039760688023,TRUE
171100120105,0.777392,3.296339,2.5617,25617,23769,0.9278604051996721,1.2867779209118944,TRUE
171100120106,0.9186677,0.05139239,0.057,570,467,0.8192982456140351,0.9016208771929825,TRUE
171100120107,0.4345841,12.05929,15.274600000000001,152746,48643,0.31845678446571435,0.789499561363309,TRUE
170800040505,0.6641423,2.48986,0,0,NA,NA,Inf,FALSE
170800050101,0.8178233,0.3211304,0,0,NA,NA,Inf,FALSE
170800050102,0.6786388,1.266054,0,0,NA,NA,Inf,FALSE
170800050104,0.5202614,3.774473,0,0,NA,NA,Inf,NA
170800050105,0.9520932,1.162596,0,0,NA,NA,Inf,FALSE
171100120302,0.4954467,1.368721,5.0882000000000005,50882,12296,0.24165716756416808,0.2689990566408553,TRUE
171100140303,0.7614428,4.659486,2.9281,29281,27456,0.9376728936853249,1.5913001605136436,TRUE
171100120202,0.6518881,1.775097,6.0472,60472,15097,0.24965273184283635,0.2935403161793888,TRUE
171100120301,0.4709472,4.202292,8.1419,81419,22122,0.27170562153797023,0.5161316154705904,TRUE
171100120304,0.4720356,3.47287,19.6893,196893,18525,0.09408663588852828,0.17638361952938905,TRUE
171100120400,0.478139,8.328623,24.247700000000002,242477,37941,0.15647257265637565,0.3434809487085373,TRUE
171100130101,0.9983544,0.03686663,0,0,NA,NA,Inf,FALSE
171100130102,0.9394642,1.263844,1.4498,14498,12454,0.8590150365567665,0.8717367912815561,TRUE
171100130103,0.7583582,1.005095,1.3800000000000001,13800,9784,0.7089855072463768,0.7283297101449275,TRUE
171100130104,0.8509694,3.031071,4.0648,40648,32564,0.8011218264121236,0.7456876107065538,TRUE
171100130105,0.9491995,1.05103,0.9534,9534,8273,0.8677365219215439,1.1024019299349694,TRUE
171100130106,0.8527316,1.770866,2.2889,22889,20223,0.8835248372580715,0.7736755646817249,TRUE
171100130201,0.9018802,3.026984,3.7644,37644,34129,0.9066252257995963,0.8041079587716502,TRUE
171100130202,0.8578428,2.341632,3.0042,30042,16336,0.5437720524598895,0.7794527661274216,TRUE
171100130204,0.6437525,1.66504,1.9313,19313,14785,0.7655465230673639,0.8621343136747269,TRUE
171100130205,0.3779508,5.359297,1.3849,13849,12376,0.8936385298577515,3.869807928370279,TRUE
171100130301,0.488474,1.251237,10.7462,107462,44913,0.4179430868586105,0.11643529805884871,TRUE
171100130302,0.4035957,3.996522,2.1335,21335,10944,0.512959925005859,1.873223341926412,TRUE
171100130303,0.470268,19.22868,23.8621,238621,88858,0.3723813075965653,0.8058251369326254,TRUE
171100140106,0.3838103,12.8113,12.5296,125296,55448,0.44253607457540545,1.0224827608223725,TRUE
171100140201,0.7267272,2.169547,1.7963,17963,11452,0.6375327061181317,1.2077865612648222,TRUE
171100140202,0.698965,4.807723,4.543200000000001,45432,35085,0.7722530375066032,1.0582239390737804,TRUE
171100140203,0.6696197,3.785058,2.5839000000000003,25839,22223,0.8600565037346647,1.4648624172762101,TRUE
171100140204,0.619269,3.024606,6.1585,61585,32107,0.5213444832345538,0.4911270601607534,TRUE
171100140205,0.4002059,17.18399,17.8647,178647,62426,0.3494377179577603,0.9618963654581383,TRUE
171100140301,0.7492109,8.494413,7.0087,70087,68985,0.9842766846918829,1.2119812518726725,TRUE
171100140302,0.8775192,3.189675,2.0108,20108,18936,0.9417147404018301,1.5862716331808233,TRUE
171100140304,0.759638,6.06893,6.2644,62644,50054,0.7990230508907478,0.9687966924206628,TRUE
171100140306,0.5975242,5.736497,5.854,58540,51279,0.8759651520327981,0.9799277417150666,TRUE
171100140102,0.8516848,6.560324,7.1772,71772,63335,0.8824471938917684,0.9140506046926378,TRUE
171100130304,0.4797608,30.62635,28.401,284010,37264,0.13120664765325166,1.0783546354001619,TRUE
171100130305,0.45754,52.51324,68.5673,685673,38885,0.05671070612376453,0.7658641947400583,TRUE
171100140101,0.8162242,4.236606,3.5991,35991,29554,0.8211497318774138,1.1771292823205801,TRUE
171100140103,0.4486477,1.896411,3.0196,30196,16450,0.5447741422704994,0.628033845542456,TRUE
171100140104,0.4100298,6.616742,7.2727,72727,35955,0.49438310393663976,0.9098054367703879,TRUE
171100140105,0.5628654,3.404436,4.5685,45685,33251,0.7278318923060085,0.7451977673196891,TRUE
171100140307,0.3714446,11.68497,9.0228,90228,78857,0.8739748193465443,1.2950492086713659,TRUE
171100140305,0.9763279,0.4497033,0.1259,1259,1247,0.9904686258935663,3.571908657664813,TRUE
171100140402,0.719696,1.95165,1.4240000000000002,14240,11916,0.8367977528089887,1.3705407303370787,TRUE
171100140403,0.4488892,9.2673,6.0526,60526,45566,0.7528334930443116,1.531127118924099,TRUE
171100140404,0.469518,41.53572,44.701,447010,171145,0.3828661551195723,0.9291899510078073,TRUE
171100140501,0.4370393,18.58553,19.0487,190487,23285,0.12223931291899184,0.9756849548788106,TRUE
171100140502,0.3955834,27.10435,29.3492,293492,14833,0.05053970806700012,0.9235123955678519,TRUE
171100150101,0.7488408,0.07441179,0.08030000000000001,803,519,0.6463262764632628,0.9266723536737235,TRUE
171100150102,0.9789699,0.2940676,0.6478,6478,3143,0.4851806112997839,0.4539481321395492,TRUE
171100150103,0.7797534,2.660645,0.07970000000000001,797,628,0.7879548306148055,33.383249686323715,TRUE
171100150104,0.6589147,6.465518,5.5293,55293,48124,0.8703452516593421,1.1693194436908831,TRUE
171100150105,0.6439748,6.554817,8.489,84890,69867,0.8230298032748262,0.7721541995523618,TRUE
171100150106,0.5822182,6.117211,7.462000000000001,74620,48481,0.6497051728759046,0.8197816939158402,TRUE
171100150107,0.7439827,1.424441,0.8615,8615,7601,0.8822983168891468,1.6534428322692978,TRUE
171100150110,0.6172685,10.39044,11.1635,111635,90666,0.8121646437049312,0.9307511085233126,TRUE
171100040103,0.9610882,0.6163174,0.6037,6037,5274,0.873612721550439,1.0209001159516315,TRUE
171100040104,0.8794268,0.9279567,1.2148,12148,10876,0.895291405992756,0.7638761112940401,TRUE
171100150202,0.5709955,4.283889,3.5175,35175,24911,0.7082018479033404,1.2178788912579959,TRUE
171100150111,0.8834078,0.8347087,1.417,14170,6255,0.4414255469301341,0.5890675370501058,TRUE
171100150201,0.9502842,0.448235,0.8491000000000001,8491,5633,0.6634083146861383,0.5278942409610174,TRUE
171100150203,0.7303756,5.403534,6.4565,64565,31874,0.49367304267017736,0.8369138077905985,TRUE
171100150204,0.8010552,2.1167,7.7456000000000005,77456,41131,0.5310240652757695,0.2732777318735798,TRUE
171100150205,0.7689648,11.02208,9.547600000000001,95476,78238,0.8194520088818132,1.154434622313461,TRUE
171100150301,0.4144725,16.69896,25.9429,259429,115479,0.445127568621858,0.6436813155044346,TRUE
171100150302,0.6439317,2.129659,11.5122,115122,12254,0.10644359896457671,0.1849914872917427,TRUE
171100150303,0.6014321,7.412735,23.512900000000002,235129,85265,0.3626307261120491,0.3152624729403859,TRUE
171100150304,0.7373777,1.995235,6.6503000000000005,66503,29426,0.442476279265597,0.3000218035276604,TRUE
171100150305,0.5358989,15.73708,54.1633,541633,340342,0.6283627474692273,0.2905487664156357,TRUE
171100160101,0.6840539,1.432318,1.8475000000000001,18475,11542,0.6247361299052774,0.7752736129905277,TRUE
171100160102,0.4745887,7.80852,17.1004,171004,91761,0.5366014830062454,0.456627915136488,TRUE
171100160201,0.7226669,7.978684,22.5643,225643,123770,0.5485213368019394,0.3535976742021689,TRUE
171100160202,0.4929314,4.476817,13.3367,133367,68789,0.5157872637159118,0.33567651667953835,TRUE
171100170101,0.8513182,4.428232,4.3020000000000005,43020,39279,0.9130404463040447,1.029342631334263,TRUE
171100040302,0.9736061,0.6742968,0.9292,9292,9135,0.9831037451571244,0.7256745587602239,TRUE
171100180202,0.7346467,5.621277,5.1182,51182,45200,0.8831229729201673,1.0982917822672034,TRUE
171100010301,0.9492948,0.1278172,0,0,NA,NA,Inf,FALSE
171100020106,0.6999786,1.754916,0,0,NA,NA,Inf,FALSE
171100040202,0.396381,3.685178,4.5334,45334,16522,0.3644505227864296,0.8128949574270966,TRUE
171100040203,0.8553295,3.772657,6.2118,62118,40931,0.6589233394507228,0.6073371647509579,TRUE
171100040105,0.8781009,0.9946736,0.9505,9505,8545,0.8990005260389269,1.046474066280905,TRUE
171100040106,0.7797631,2.682442,3.9234,39234,35920,0.9155324463475557,0.6837034205026252,TRUE
171100040201,0.821305,7.015636,9.8476,98476,87665,0.8902169056419839,0.7124208944311304,TRUE
171100040301,0.9846219,0.6366602,0.44260000000000005,4426,4389,0.991640307275192,1.4384550384093988,TRUE
171100040303,0.9752848,0.4610172,0.4787,4787,4563,0.9532066012116148,0.9630607896386045,TRUE
171100040304,0.9328932,3.577444,6.1456,61456,52669,0.857019656339495,0.582114683676126,TRUE
171100040401,0.9843119,0.5816144,0.7157,7157,6781,0.9474640212379488,0.8126511108006147,TRUE
171100040402,0.9809603,1.418384,2.2143,22143,20427,0.9225037257824144,0.6405563835072031,TRUE
171100040403,0.9370992,4.153187,6.037,60370,56987,0.9439622328971343,0.687955441444426,TRUE
171100170203,0.9212835,3.354585,3.7299,37299,28860,0.773747285450012,0.8993766588916593,TRUE
171100170102,0.7759507,7.193584,7.4762,74762,55519,0.7426098820256279,0.9621979080281426,TRUE
171100170201,0.9658229,1.284991,0.7145,7145,7137,0.9988803358992302,1.7984478656403078,TRUE
171100170202,0.8544644,2.643472,4.3623,43623,34218,0.7844027233340211,0.6059812484239965,TRUE
171100170204,0.5797838,18.17591,20.484,204840,107282,0.5237355985159149,0.8873223003319662,TRUE
171100180101,0.6533603,1.595523,0,0,NA,NA,Inf,FALSE
171100180102,0.6680497,0.3528076,0,0,NA,NA,Inf,FALSE
171100180103,0.7127489,0.1965183,0,0,NA,NA,Inf,FALSE
171100180104,0.7057176,3.817598,0,0,NA,NA,Inf,FALSE
171100180105,0.9273533,0.7037277,0,0,NA,NA,Inf,FALSE
171100180106,0.7401811,0.1226191,0,0,NA,NA,Inf,FALSE
171100180107,0.7002465,1.081416,0,0,NA,NA,Inf,FALSE
171100180201,0.7408783,0.6748564,0.6865,6865,6464,0.9415877640203933,0.9830391842680263,TRUE
171100180301,0.7082465,0.2009583,0,0,NA,NA,Inf,FALSE
171100180302,0.8452231,1.848651,0,0,NA,NA,Inf,FALSE
171100180303,0.7429664,0.07924344,0.0716,716,215,0.30027932960893855,1.1067519553072627,TRUE
171100180304,0.7380681,0.1169364,0.3447,3447,2139,0.6205395996518712,0.33924107919930374,TRUE
171100180502,0.9900081,1.541725,0.5833,5833,5806,0.995371164066518,2.643108177610149,TRUE
171100180401,0.9220273,2.228217,1.4036,14036,13706,0.9764890282131662,1.5875014249073809,TRUE
171100180402,0.7958102,3.212916,3.2296,32296,29185,0.903672281397077,0.9948340351746345,TRUE
171100180501,0.9960181,0.6685562,0.13720000000000002,1372,1372,1,4.87285860058309,TRUE
171100180503,0.5449034,6.437698,5.6102,56102,44459,0.7924672917186553,1.1474988413960288,TRUE
171100180601,1,0.4228194,0.3189,3189,3176,0.9959234869865161,1.325868297271872,TRUE
171100180602,0.9602543,0.5395849,0.16060000000000002,1606,1599,0.9956413449564134,3.3598063511830634,TRUE
171100050405,0.9955262,0.8507317,1.3811,13811,13516,0.9786402143219173,0.6159812468322352,TRUE
171100010101,0.9205083,1.131564,0,0,NA,NA,Inf,FALSE
171100010102,1,0.1213597,0,0,NA,NA,Inf,FALSE
171100010205,0.9624958,0.4545547,0,0,NA,NA,Inf,FALSE
171100020201,0.8660762,2.546532,4.3020000000000005,43020,28400,0.6601580660158066,0.5919414225941422,TRUE
171100040501,0.3589335,23.47367,27.4235,274235,165067,0.6019180629751855,0.8559691505460645,TRUE
171100040700,0.838114,2.068954,1.2791000000000001,12791,6945,0.5429598936752404,1.6175076225471035,TRUE
171100040404,0.9573195,0.5619173,0.27590000000000003,2759,2658,0.9633925335266401,2.0366701703515764,TRUE
171100040405,0.8362268,4.494569,4.4209000000000005,44209,29391,0.6648193806690945,1.0166638014883846,TRUE
171100040406,0.4085226,19.15105,26.378600000000002,263786,85558,0.3243462503696178,0.7260070663340739,TRUE
171100040504,0.6223955,4.057095,29.9693,299693,39456,0.1316547266702926,0.13537503378457288,TRUE
171100040505,0.5494925,2.435763,8.1887,81887,38228,0.4668384481053159,0.2974541746553177,TRUE
171100040506,0.309531,14.17827,39.3973,393973,87033,0.22091107766268248,0.3598792303025842,TRUE
171100040601,0.4732741,1.798264,0.004200000000000001,42,38,0.9047619047619048,428.1580952380952,TRUE
171100180603,0.7021025,2.485496,2.5277000000000003,25277,15517,0.6138782292202397,0.9833033983463226,TRUE
171100180701,0.6479968,1.751284,1.9824000000000002,19824,7937,0.4003732849071832,0.8834160613397901,TRUE
171100180702,0.6758107,1.383759,0.3047,3047,585,0.19199212340006563,4.541381686905152,TRUE
171100180703,0.9916051,0.3971647,0.6564,6564,1305,0.19881170018281535,0.6050650517976843,TRUE
171100180704,1,0.005328894,0,0,NA,NA,Inf,FALSE
171100180800,0.7551896,5.593544,0.25570000000000004,2557,1204,0.47086429409464214,21.875416503715286,TRUE
171100190101,0.373271,1.404479,4.844,48440,573,0.011829066886870356,0.289941990090834,TRUE
171100190102,0.7745706,0.1478377,0,0,NA,NA,Inf,FALSE
171100190103,0.745535,0.03664835,0,0,NA,NA,Inf,FALSE
171100020203,0.9118677,5.432377,10.798400000000001,107984,53989,0.49997221810638615,0.5030723996147577,TRUE
171100040605,1,0.02333881,0,0,NA,NA,Inf,FALSE
171100020107,0.8766046,0.5145655,0,0,NA,NA,Inf,FALSE
171100020202,0.6839892,2.128837,10.7675,107675,47540,0.4415138147202229,0.19770949616902714,TRUE
171100050402,1,0.09543821,0.0058000000000000005,58,58,1,16.454863793103446,TRUE
171100190606,0.2755534,6.879911,0,0,NA,NA,Inf,FALSE
171100050403,1,0.1156086,0.0281,281,281,1,4.114185053380783,TRUE
171100050404,0.995814,0.404371,0.5954,5954,5921,0.9944575075579443,0.679158548874706,TRUE
171100050501,0.9898629,0.4549373,0.3708,3708,3627,0.9781553398058253,1.2269074973031282,TRUE
171100050502,0.9956431,0.5933187,0.6858000000000001,6858,6692,0.9757946923301254,0.8651482939632544,TRUE
171100050503,0.9997069,0.4432003,1.1902000000000001,11902,11694,0.9825239455553688,0.3723746429171567,TRUE
171100050504,0.7244245,0.7498037,1.2411,12411,10022,0.8075094674079446,0.6041444686165498,TRUE
171100050505,0.8110921,1.514929,1.3812,13812,12717,0.9207211120764552,1.0968208803938604,TRUE
171100050601,0.927659,1.981773,3.1653000000000002,31653,30614,0.9671753072378606,0.6260932613022462,TRUE
171100190703,0.718376,0.9762175,0,0,NA,NA,Inf,FALSE
171100190704,0.6493347,0.4832275,0,0,NA,NA,Inf,FALSE
171100190705,0.599852,0.3455348,0,0,NA,NA,Inf,FALSE
171100190706,0.7494807,0.01725058,0,0,NA,NA,Inf,FALSE
171100190107,0.7159243,0.3325004,0,0,NA,NA,Inf,FALSE
171100190104,0.747464,0.04579145,0,0,NA,NA,Inf,FALSE
171100190201,0.7336473,0.873437,0,0,NA,NA,Inf,FALSE
171100190203,0.4988955,1.191871,0,0,NA,NA,Inf,FALSE
171100190204,0.5,2.141458,0,0,NA,NA,Inf,FALSE
171100190205,0.313573,25.36945,27.9465,279465,4472,0.016002003828744206,0.9077863059774928,TRUE
171100190301,0.3287539,2.218444,2.7813000000000003,27813,107,0.0038471218494948406,0.7976284471290402,TRUE
171100190302,0.4346523,7.425571,0,0,NA,NA,Inf,FALSE
171100190303,0.4830672,8.234714,0,0,NA,NA,Inf,FALSE
171100190402,0.7499844,0.003832241,0,0,NA,NA,Inf,FALSE
171100190403,0.7327329,0.1046171,0,0,NA,NA,Inf,FALSE
171100190404,0.7487319,0.02689917,0,0,NA,NA,Inf,FALSE
171100020302,0.2270726,60.03065,82.58380000000001,825838,9239,0.011187424167936085,0.7269058822674664,TRUE
171100020204,0.3009099,23.25457,53.206300000000006,532063,21644,0.04067939322974911,0.4370642198386281,TRUE
171100020301,0.5321453,2.407853,22.352600000000002,223526,9818,0.043923301987240856,0.10772138364217136,TRUE
171100020303,0.7438514,1.682833,3.7101,37101,670,0.01805881243093178,0.45358157462063015,TRUE
171100020402,1,0.02076993,0,0,NA,NA,Inf,FALSE
171100040101,0.8809576,1.810198,2.7761,27761,26187,0.9433017542595727,0.6520651273369115,TRUE
171100050604,0.9962518,0.4737536,0.5736,5736,5670,0.9884937238493724,0.8259302649930265,TRUE
171100050605,0.9922428,1.148522,0.7013,7013,6924,0.9873092827605875,1.6377042635106231,TRUE
171100050606,0.928769,2.93025,4.3446,43446,42459,0.977282143350366,0.6744579477972656,TRUE
171100050701,0.992344,0.7514363,1.0937000000000001,10937,10767,0.9844564322940478,0.6870588826917801,TRUE
171100050702,0.8699122,1.947119,3.2306000000000004,32306,31026,0.9603788769887946,0.6027112610660558,TRUE
171100050703,0.908051,1.159976,1.2845,12845,12599,0.9808485792137018,0.9030564421954067,TRUE
171100050704,0.9060351,0.9340018,3.9854000000000003,39854,9352,0.23465649621117077,0.23435584884829627,TRUE
171100050705,0.9897547,0.3944777,0.2034,2034,1913,0.9405113077679449,1.9394183874139626,TRUE
171100050706,0.732944,0.5806537,0.618,6180,6073,0.9826860841423948,0.9395690938511327,TRUE
171100050707,0.7461399,1.128135,1.8522,18522,15440,0.8336032825828744,0.6090783932620668,TRUE
171100050708,0.5662477,1.580891,2.6055,26055,10046,0.385568988677797,0.6067514872385339,TRUE
171100050801,0.7739082,0.3786839,0.46890000000000004,4689,4110,0.8765195137555982,0.8076005544892301,TRUE
171100050802,0.7786933,0.5236961,0.8501000000000001,8501,7921,0.9317727326196918,0.6160405834607693,TRUE
171100050803,0.9615944,0.468752,0.4181,4181,4001,0.9569480985410189,1.1211480507055727,TRUE
171100050804,0.8885904,2.948754,4.207,42070,39902,0.9484668409793202,0.7009160922272404,TRUE
171100050805,0.6756398,3.600688,5.9333,59333,43498,0.7331164781824617,0.6068609374209967,TRUE
171100050901,0.9136095,2.896976,5.8246,58246,49381,0.8478007073447104,0.4973690897228994,TRUE
171100050902,0.9666694,0.2273531,0.0029000000000000002,29,29,1,78.39762068965517,TRUE
171100050903,0.7091187,1.605758,1.7604000000000002,17604,15442,0.8771870029538741,0.9121551920018177,TRUE
171100190601,0.9919605,0.1062691,0,0,NA,NA,Inf,FALSE
171100190503,0.7298602,0.06136253,0,0,NA,NA,Inf,FALSE
171100190602,0.885341,1.291964,0,0,NA,NA,Inf,FALSE
171100190605,0.25,11.4988,0,0,NA,NA,Inf,FALSE
171100190607,0.5401271,2.079673,0,0,NA,NA,Inf,FALSE
171100190608,1,0.00349136,0,0,NA,NA,Inf,FALSE
171100190609,0.6523207,1.199766,0,0,NA,NA,Inf,FALSE
171100190610,0.9004233,0.597614,0,0,NA,NA,Inf,FALSE
171100190701,0.6747505,0.4938347,0,0,NA,NA,Inf,FALSE
171100051001,0.9114236,0.763162,0.7211000000000001,7211,6694,0.928303980030509,1.0583303286645402,TRUE
171100040102,0.9295435,1.939159,3.7891000000000004,37891,35776,0.9441819957245784,0.5117729803911218,TRUE
171100050904,0.9664101,1.448754,1.9087,19087,17870,0.936239325195159,0.7590265625818621,TRUE
171100050905,0.7472838,3.882874,9.2987,92987,64675,0.6955273317775603,0.417571703571467,TRUE
171100051002,0.7727328,2.718106,4.9657,49657,47908,0.9647783796846366,0.5473762007370563,TRUE
171100190803,1,0.01147896,0,0,NA,NA,Inf,FALSE
171100190801,0.6433863,0.2439749,0,0,NA,NA,Inf,FALSE
171100190802,0.8523376,2.241865,0,0,NA,NA,Inf,FALSE
171100191000,0.7468782,0.6193503,0,0,NA,NA,Inf,FALSE
171100200101,0.7551505,1.290716,0,0,NA,NA,Inf,FALSE
171100200103,0.9998664,0.005620029,0,0,NA,NA,Inf,FALSE
171100060104,0.7486178,0.6885584,0.7089000000000001,7089,5616,0.792213288192975,0.9713054027366341,TRUE
171100051003,0.9549128,0.6038198,1.1119,11119,9788,0.8802949905567048,0.5430522529004407,TRUE
171100051004,0.9028206,0.5248969,0.5668000000000001,5668,5512,0.9724770642201835,0.92607074805928,TRUE
171100051005,0.8460783,3.40858,2.7823,27823,21899,0.7870826294792078,1.2250943464040542,TRUE
171100051006,0.9761631,0.6322048,0.2922,2922,2465,0.8436002737850787,2.1636030116358658,TRUE
171100051101,0.8519372,4.763382,10.937000000000001,109370,62772,0.5739416659047271,0.4355291213312608,TRUE
171100051102,0.8229977,1.760364,2.0291,20291,20226,0.9967966093341876,0.8675590163126509,TRUE
171100051103,0.7197649,1.083007,1.0085,10085,8034,0.7966286564204264,1.0738790282597919,TRUE
171100051104,0.559942,26.13489,34.6604,346604,264875,0.7642006439625625,0.7540273626386307,TRUE
171100060101,0.9950354,1.170327,1.8288,18288,15266,0.8347550306211724,0.6399425853018372,TRUE
171100060102,0.9588079,2.959475,4.1814,41814,39383,0.9418615774620941,0.7077713206103219,TRUE
171100060103,0.898763,2.266362,1.7017,17017,16063,0.9439384145266498,1.3318222953517072,TRUE
171100200203,0.7437344,0.09290589,11.5182,115182,4308,0.037401677345418556,0.00806600770953795,TRUE
171100200201,0.689004,0.3184858,0,0,NA,NA,Inf,FALSE
171100200202,0.7451162,0.04834994,0,0,NA,NA,Inf,FALSE
171100200204,0.4680863,6.910919,24.9453,249453,8521,0.03415873932163574,0.27704292993068835,TRUE
171100200301,0.9351005,1.199135,0.5947,5947,5947,1,2.0163695981166976,TRUE
171100060202,0.7479548,0.4656588,0.6392,6392,4453,0.6966520650813517,0.7285025031289111,TRUE
171100060401,0.8111056,2.890593,3.0454000000000003,30454,29306,0.9623038024561634,0.9491669403034083,TRUE
171100060402,0.9898918,0.9873355,0.2379,2379,2295,0.9646910466582598,4.150212274064733,TRUE
171100060403,0.9885868,0.4231434,0.1283,1283,644,0.5019485580670304,3.2980779423226814,TRUE
171100060404,0.4460758,12.365,22.152,221520,162829,0.7350532683279162,0.5581888768508486,TRUE
171100060405,0.5059872,9.504644,16.4286,164286,137313,0.8358168072751178,0.578542541665145,TRUE
171100070101,0.9997629,0.2596028,0.1683,1683,1683,1,1.5425002970885324,TRUE
171100070102,0.7802275,2.718779,5.585500000000001,55855,49503,0.8862769671470773,0.4867566019156745,TRUE
171100200303,0.9104372,0.8964976,0.030100000000000002,301,301,1,29.78397342192691,TRUE
171100200302,0.9455311,1.031515,0.8281000000000001,8281,8249,0.9961357323994686,1.2456406231131505,TRUE
171100200304,0.947995,0.2966387,0.0152,152,152,1,19.51570394736842,TRUE
171100200305,0.9213092,2.392365,1.4676,14676,14416,0.9822840010902153,1.6301206050695012,TRUE
171100200306,0.3713519,4.942801,4.9011000000000005,49011,26050,0.531513333741405,1.008508498092265,TRUE
171100200403,0.6644738,2.401151,0,0,NA,NA,Inf,FALSE
171100200402,0.9559624,0.6355621,0,0,NA,NA,Inf,FALSE
171100200404,0.6803784,1.132098,0.2531,2531,410,0.16199130778348478,4.472927696562624,TRUE
171100200405,0.5301806,1.571538,1.0892,10892,1091,0.10016525890561881,1.4428369445464564,TRUE
171100010103,0,0,0,0,0,NA,NA,NA
171100010206,0,0,0,0,0,NA,NA,NA
171100010302,0,0,0,0,0,NA,NA,NA
171100010403,0,0,0.7169,7169,326,0.0454735667457107,0,NA
171100020105,0,0,0,0,0,NA,NA,NA
171100020500,0,0,6.1328000000000005,61328,27159,0.4428482911557527,0,NA
171100040503,0,0,126.8712,1268712,169539,0.13363080037076971,0,NA
171100050602,0,0,0.8145,8145,6258,0.7683241252302025,0,NA
171100050401,0,0,0.3209,3209,2642,0.8233094421938298,0,NA
171100211200,0,0,0.006,60,0,0,0,NA
171100190702,0,0,0,0,0,NA,NA,NA
171100200700,0,0,0.0751,751,160,0.21304926764314247,0,NA
