"","huc12_id","ifi_measure_Flood","ifi_fp_AreaKM2","konrad_fp_area","k_totalCells","k_sum_1_2_3","k_percentArea","floodPlainAreaRatio"
"1",170800060500,0.9375163,17.40734,0,0,NA,NA,Inf
"2",171001030404,0.7081254,6.118226,0,0,NA,NA,Inf
"3",171001040404,0.8559033,1.109088,0,0,NA,NA,Inf
"4",171001060107,0.7089245,2.113661,0,0,NA,NA,Inf
"5",170200090108,0.840727,0.7142839,0,0,NA,NA,Inf
"6",170200090109,0.981284,0.6362171,0,0,NA,NA,Inf
"7",170200090301,0.673124,0.4067779,0,0,NA,NA,Inf
"8",170300010601,0.7821016,0.7964886,0,0,NA,NA,Inf
"9",170300010602,0.9424664,1.636821,0,0,NA,NA,Inf
"10",170300010605,0.915374,6.857853,0,0,NA,NA,Inf
"11",170300030102,0.6454826,2.528782,0,0,NA,NA,Inf
"12",170300010704,0.9997639,0.08956693,0,0,NA,NA,Inf
"13",170300010705,0.5311541,3.595324,0,0,NA,NA,Inf
"14",170300030101,0.7876026,0.9945878,0,0,NA,NA,Inf
"15",170800050906,0.4375054,19.05914,0,0,NA,NA,Inf
"16",170300010401,0.6659585,0.3013685,0,0,NA,NA,Inf
"17",170300010205,0.5857227,8.1969,0,0,NA,NA,Inf
"18",170300010301,0.6241122,3.129904,0,0,NA,NA,Inf
"19",170300010304,0.691559,6.589558,0,0,NA,NA,Inf
"20",170300010402,0.558858,0.9759603,0,0,NA,NA,Inf
"21",170300010403,0.7118591,10.1447,0,0,NA,NA,Inf
"22",170300010408,0.4900611,64.22836,0,0,NA,NA,Inf
"23",171100050603,0.8325614,0.866972,0.5108,5108,0,0,1.69728269381363
"24",171100120201,0.4611729,4.66563,9.5351,95351,15501,16.2567775901669,0.489311071724471
"25",171100040604,0.7471729,0.007909934,0,0,NA,NA,Inf
"26",171100040602,0.7446999,1.089018,0,0,NA,NA,Inf
"27",171100040603,0.5765983,1.042627,0,0,NA,NA,Inf
"28",171100050607,0.7493696,0.525359,0.4202,4202,0,0,1.25025940028558
"29",171100070107,0.6079782,28.97598,48.9849,489849,189247,38.633742234852,0.591528818064342
"30",171100080204,0.9991219,0.7248806,0.2246,2246,433,19.2787177203918,3.22742920747996
"31",171100110101,0.7541187,5.731152,8.1982,81982,28923,35.2796955429241,0.699074430972653
"32",171100100401,0.6975735,1.963885,2.4897,24897,10920,43.8607061091698,0.788803871952444
"33",171100100402,0.5591963,2.239152,2.7296,27296,6012,22.0252051582649,0.820322391559203
"34",171100130203,0.7241162,2.201846,3.9828,39828,2223,5.58150045194336,0.552838706437682
"35",171100140401,0.4753358,6.728576,5.253,52530,31517,59.998096325909,1.2809015800495
"36",171100150112,0.4195697,5.418929,16.1234,161234,9982,6.19100189786273,0.336090960963568
"37",171100150306,0.8980716,2.839482,19.3567,193567,96359,49.780696089726,0.146692463074801
"38",171100200506,0.9941175,1.122077,0.591,5910,1289,21.8104906937394,1.89860744500846
"39",171100190603,0.6452196,1.705624,0,0,NA,NA,Inf
"40",171100210607,0.9695044,0.0266019,0,0,NA,NA,Inf
"41",170200100301,0.9564523,0.5009875,0,0,NA,NA,Inf
"42",170200100304,0.6736533,0.6111429,0,0,NA,NA,Inf
"43",170200110602,0.9980611,0.0405537,0,0,NA,NA,Inf
"44",170200120303,0.7331905,0.4263579,0,0,NA,NA,Inf
"45",170200120305,0.9928191,0.4212587,0,0,NA,NA,Inf
"46",170200120307,0.9567188,1.558668,0,0,NA,NA,Inf
"47",170200120403,0.7587661,3.354294,0,0,NA,NA,Inf
"48",170200120404,0.8258517,3.488006,0,0,NA,NA,Inf
"49",170200120406,0.8051286,2.505677,0,0,NA,NA,Inf
"50",171100180108,0,0,0,0,NA,NA,NA
"51",171100210604,0,0,0,0,NA,NA,NA
"52",171100210606,0,0,0,0,NA,NA,NA
"53",170200080201,0.7497054,0.5266036,0,0,NA,NA,Inf
"54",170200080404,0.7302387,1.74466,0,0,NA,NA,Inf
"55",170300020101,0.983249,0.2984988,0,0,NA,NA,Inf
"56",170300020308,0.4741014,4.624305,0,0,NA,NA,Inf
"57",170701060101,0.7199307,3.444342,0,0,NA,NA,Inf
"58",170300020303,0.690732,1.141008,0,0,NA,NA,Inf
"59",171100190502,0.7036599,0.7513198,0.0575,575,0,0,13.0664313043478
"60",171100150307,0.4648142,17.9552,46.5026,465026,139647,30.0299338101525,0.386111744289567
"61",171100190900,0.9074447,8.794702,3.2125,32125,31556,98.2287937743191,2.73765042801556
"62",171100150308,0.4716745,5.888511,5.862,58620,4029,6.87308085977482,1.00452251791198
"63",171100190304,0.4596073,1.798808,0.8547,8547,0,0,2.10460746460746
"64",171100190501,0.7700354,0.0310358,0,0,NA,NA,Inf
"65",171100191100,0.6952079,12.91043,16.8186,168186,142297,84.6069232873129,0.767628102220161
"66",171100191200,0.6555401,3.781234,0.7674,7674,0,0,4.92733124837112
"67",170300020302,0.949339,2.829013,0,0,NA,NA,Inf
"68",170800040104,0.9086733,2.610893,0,0,NA,NA,Inf
"69",170300010101,0.72038,2.754091,0,0,NA,NA,Inf
"70",171100100201,0.921553,2.231513,1.534,15340,7638,49.7913950456323,1.45470208604954
"71",171100190604,0.8047451,3.622489,0,0,NA,NA,Inf
"72",171100150108,0.5135546,0.5638658,4.0248,40248,221,0.549095607235142,0.140097843371099
"73",171100150109,0.6163915,3.538516,4.4847,44847,15549,34.6712154659175,0.789019555377171
"74",170800040506,0.5287099,11.70563,0,0,NA,NA,Inf
"75",170800050103,0.9550222,0.205549,0,0,NA,NA,Inf
"76",170800050301,0.4254256,22.10019,0,0,NA,NA,Inf
"77",171100190504,0.9991626,0.01577513,0,0,NA,NA,Inf
"78",170800050902,0.5014482,3.663969,0,0,NA,NA,Inf
"79",171001030110,0.875461,6.208195,0,0,NA,NA,Inf
"80",171001030202,0.6601307,2.196067,0,0,NA,NA,Inf
"81",171001030501,0.4263457,15.04951,0,0,NA,NA,Inf
"82",171001040403,0.4137528,11.25494,0,0,NA,NA,Inf
"83",171001060502,0.3679388,8.973124,0,0,NA,NA,Inf
"84",170800060302,0.8436432,1.02359,0,0,NA,NA,Inf
"85",170800060402,0.795643,1.992763,0,0,NA,NA,Inf
"86",171100210202,0.7063145,1.289361,0,0,NA,NA,Inf
"87",171100210701,0.7280373,5.785175,0,0,NA,NA,Inf
"88",171100210703,0.6338834,4.733027,0,0,NA,NA,Inf
"89",171100210705,0.4347402,2.007245,0,0,NA,NA,Inf
"90",171001060302,0.4260534,12.96169,0,0,NA,NA,Inf
"91",170800060304,0.6118549,14.43027,0,0,NA,NA,Inf
"92",171001010101,0.7488191,1.159716,0,0,NA,NA,Inf
"93",171001010302,0.808299,5.275987,0,0,NA,NA,Inf
"94",171001010603,0.4988853,6.906481,0,0,NA,NA,Inf
"95",171001010605,0.5586657,8.050383,0,0,NA,NA,Inf
"96",171001010606,0.7401263,5.064551,0,0,NA,NA,Inf
"97",171100120303,0.5597241,1.313778,3.3856,33856,8880,26.2287334593573,0.38804879489603
"98",171100090702,0.4583131,26.7586,28.5225,285225,88631,31.074064335174,0.938157594881234
"99",171100100603,0.5001133,24.52618,24.7399,247399,50172,20.2797909449917,0.991361323206642
"100",171100110201,0.1153315,19.35106,26.9672,269672,8,0.00296656679225133,0.717577649885787
"101",171100110202,0.3303435,13.20589,13.7813,137813,55674,40.3982207774303,0.958247044908681
"102",171100190202,0.4520429,1.431079,0.0055,55,0,0,260.196181818182
"103",171100051007,0.6319228,2.8567,1.3418,13418,974,7.25890594723506,2.1290058130869
"104",171100070103,0.4429422,2.550737,0.0791,791,148,18.7104930467762,32.2469911504425
"105",171001010601,0.9564981,1.880431,0,0,NA,NA,Inf
"106",171001010501,0.9848977,3.128876,0,0,NA,NA,Inf
"107",171001030108,0.385302,11.87703,0,0,NA,NA,Inf
"108",171001030109,0.6517543,4.134398,0,0,NA,NA,Inf
"109",171001010607,0.4724374,19.14369,0,0,NA,NA,Inf
"110",171001010704,0.7628124,11.73079,0,0,NA,NA,Inf
"111",171001010701,0.9530802,1.619176,0,0,NA,NA,Inf
"112",171001010702,0.840717,6.545132,0,0,NA,NA,Inf
"113",171001010703,0.8040838,9.836586,0,0,NA,NA,Inf
"114",171001010705,0.6683885,5.859385,0,0,NA,NA,Inf
"115",171001010706,0.4811707,15.78169,0,0,NA,NA,Inf
"116",171001010707,0.516214,19.8052,0,0,NA,NA,Inf
"117",171001010801,0.7137438,2.701476,0,0,NA,NA,Inf
"118",171001010803,0.9712097,0.4522665,0,0,NA,NA,Inf
"119",171001020101,0.9676083,2.47321,0,0,NA,NA,Inf
"120",171001020102,0.9808918,1.322466,0,0,NA,NA,Inf
"121",171001020103,0.9516116,2.694811,0,0,NA,NA,Inf
"122",171001020104,0.8900707,3.027322,0,0,NA,NA,Inf
"123",171001020105,0.455237,14.67837,0,0,NA,NA,Inf
"124",171001020201,0.8805122,2.891458,0,0,NA,NA,Inf
"125",171001020202,0.6606059,7.798062,0,0,NA,NA,Inf
"126",171001020203,0.9600161,3.020877,0,0,NA,NA,Inf
"127",171001020204,0.8489917,7.468417,0,0,NA,NA,Inf
"128",171001030406,0.821641,2.32637,0,0,NA,NA,Inf
"129",171001030407,0.7057861,8.986683,0,0,NA,NA,Inf
"130",171001010301,0.6574769,10.74688,0,0,NA,NA,Inf
"131",171001010401,0.9820057,2.747997,0,0,NA,NA,Inf
"132",171001010402,0.8075128,6.015129,0,0,NA,NA,Inf
"133",171001010403,0.6100605,6.872725,0,0,NA,NA,Inf
"134",171001020304,0.7069857,7.180704,0,0,NA,NA,Inf
"135",171001020401,0.8697437,2.232105,0,0,NA,NA,Inf
"136",171001020402,0.9858595,0.5130333,0,0,NA,NA,Inf
"137",171001020403,0.8480107,5.967138,0,0,NA,NA,Inf
"138",171001020404,0.9163837,1.104397,0,0,NA,NA,Inf
"139",171001020405,0.7184549,6.911228,0,0,NA,NA,Inf
"140",171001040104,0.7676602,9.398136,0,0,NA,NA,Inf
"141",171001040105,0.5044696,14.53742,0,0,NA,NA,Inf
"142",171001040106,0.3621746,9.464147,0,0,NA,NA,Inf
"143",171001010202,0.6075301,5.885839,0,0,NA,NA,Inf
"144",171001010404,0.6784648,7.728163,0,0,NA,NA,Inf
"145",171001020208,0.6949373,6.087048,0,0,NA,NA,Inf
"146",171001020205,0.911796,3.815301,0,0,NA,NA,Inf
"147",171001020206,0.9248164,5.164038,0,0,NA,NA,Inf
"148",171001020207,0.7968094,15.78407,0,0,NA,NA,Inf
"149",171001020209,0.5691136,21.60265,0,0,NA,NA,Inf
"150",171001020303,0.7490986,2.077219,0,0,NA,NA,Inf
"151",171001020406,0.966065,2.778051,0,0,NA,NA,Inf
"152",171001020407,0.6305747,21.43227,0,0,NA,NA,Inf
"153",171001020408,0.6289797,6.251119,0,0,NA,NA,Inf
"154",171001020501,0.7103065,6.231441,0,0,NA,NA,Inf
"155",171001020502,0.6602617,7.64982,0,0,NA,NA,Inf
"156",171001030505,0.5217714,25.32793,0,0,NA,NA,Inf
"157",171001030502,0.9322328,1.296405,0,0,NA,NA,Inf
"158",171001030503,0.5651222,3.092749,0,0,NA,NA,Inf
"159",171001030504,1,0.255249,0,0,NA,NA,Inf
"160",171001030506,0.7711705,3.808918,0,0,NA,NA,Inf
"161",171001030507,0.5118527,3.523392,0,0,NA,NA,Inf
"162",171001030508,0.7606431,3.35006,0,0,NA,NA,Inf
"163",171001030509,0.8201546,13.32553,0,0,NA,NA,Inf
"164",171001030510,0.8612512,1.7972,0,0,NA,NA,Inf
"165",171001030511,0.8140985,9.724755,0,0,NA,NA,Inf
"166",171001040101,0.6580646,7.473677,0,0,NA,NA,Inf
"167",171001040102,0.4148409,19.66815,0,0,NA,NA,Inf
"168",171001040103,0.7215541,10.16415,0,0,NA,NA,Inf
"169",171001050105,0.6447301,19.03209,0,0,NA,NA,Inf
"170",171001050106,0.4371383,28.5493,0,0,NA,NA,Inf
"171",171001050107,0.5596844,11.38386,0,0,NA,NA,Inf
"172",171100200307,0.4732223,18.39512,32.3782,323782,30583,9.44555287199412,0.568132879530054
"173",171100200401,0.8543782,0.9721177,0,0,NA,NA,Inf
"174",170800030802,0.4907286,3.891574,0,0,NA,NA,Inf
"175",170800030602,0.4502459,53.41133,0,0,NA,NA,Inf
"176",170800030704,0.4646456,4.494555,0,0,NA,NA,Inf
"177",170800030900,0.4946979,60.69092,0,0,NA,NA,Inf
"178",171100100103,0.7162149,2.634218,3.6961,36961,11997,32.4585373772355,0.712702037282541
"179",171001010502,0.7522802,8.680285,0,0,NA,NA,Inf
"180",171001010503,0.43319,14.49668,0,0,NA,NA,Inf
"181",171001010602,0.8884059,5.108045,0,0,NA,NA,Inf
"182",171001010604,0.8755332,1.537363,0,0,NA,NA,Inf
"183",171001020602,0.6560123,6.828637,0,0,NA,NA,Inf
"184",171001020503,0.4877411,38.13292,0,0,NA,NA,Inf
"185",171001020504,0.513856,21.58569,0,0,NA,NA,Inf
"186",171001020603,0.5480754,2.729386,0,0,NA,NA,Inf
"187",171001020604,0.5253832,21.69842,0,0,NA,NA,Inf
"188",171001030101,0.8506035,0.02367242,0,0,NA,NA,Inf
"189",171001030102,0.4654358,4.095223,0,0,NA,NA,Inf
"190",171001030103,0.2762937,7.062804,0,0,NA,NA,Inf
"191",171001030104,0.6458077,6.384067,0,0,NA,NA,Inf
"192",171001030105,0.5995041,3.935631,0,0,NA,NA,Inf
"193",171001030106,0.9184206,2.862982,0,0,NA,NA,Inf
"194",171001030107,0.5223226,17.91181,0,0,NA,NA,Inf
"195",171001030111,0.5040798,14.64798,0,0,NA,NA,Inf
"196",171001030201,0.8929106,0.622898,0,0,NA,NA,Inf
"197",171001040203,0.7067008,9.817454,0,0,NA,NA,Inf
"198",171001040107,0.4025475,7.367235,0,0,NA,NA,Inf
"199",171001040201,0.8378497,2.397957,0,0,NA,NA,Inf
"200",171001040202,0.7027361,15.08155,0,0,NA,NA,Inf
"201",171001040204,0.5455464,3.935986,0,0,NA,NA,Inf
"202",171001040205,0.3639307,16.97679,0,0,NA,NA,Inf
"203",171001040301,0.7098151,3.866815,0,0,NA,NA,Inf
"204",171001040302,0.7176517,3.318344,0,0,NA,NA,Inf
"205",171001040303,0.6295835,9.787079,0,0,NA,NA,Inf
"206",171001040304,0.3108622,13.65247,0,0,NA,NA,Inf
"207",171100200504,1,0.6849017,0.2625,2625,339,12.9142857142857,2.60914933333333
"208",171100200501,0.8743402,2.143894,1.0026,10026,3000,29.9222022740874,2.13833433074008
"209",171100200502,0.9658727,0.7809142,0.0546,546,0,0,14.3024578754579
"210",171100200503,0.9793311,0.6253823,0.0189,189,8,4.23280423280423,33.0890105820106
"211",171100200505,0.8876774,4.044411,2.7202,27202,8921,32.7953826924491,1.48680648481729
"212",171100200507,0.9873537,0.6317095,0.2929,2929,1247,42.5742574257426,2.15674120860362
"213",171100200508,0.8664254,3.811013,2.089,20890,11398,54.561991383437,1.82432407850646
"214",171100200509,0.9898973,0.5234971,0.1701,1701,808,47.5014697236919,3.07758436213992
"215",171100200510,0.7611586,1.092394,1.9883,19883,18260,91.8372479002163,0.549411054669818
"216",171100200511,0.9205216,0.5844378,0.3602,3602,793,22.0155469183787,1.62253692393115
"217",171100200512,0.8090318,3.957407,3.051,30510,20434,66.9747623729925,1.29708521796132
"218",171100200513,0.7670629,1.761984,0.1743,1743,458,26.2765347102697,10.1089156626506
"219",171100200514,0.6573869,5.36014,6.1928,61928,43904,70.8952331740085,0.865543857382767
"220",171100210201,0.9346719,0.3451916,0,0,NA,NA,Inf
"221",171100210203,0.95548,0.7785373,0,0,NA,NA,Inf
"222",171100210301,0.9775974,0.207139,0,0,NA,NA,Inf
"223",171100210302,0.916095,0.349309,0,0,NA,NA,Inf
"224",170800030705,0.6147639,7.759262,0,0,NA,NA,Inf
"225",170800030601,0.6476103,1.025853,0,0,NA,NA,Inf
"226",170800030605,0.8767625,0.621674,0,0,NA,NA,Inf
"227",170800030702,0.556151,6.475933,0,0,NA,NA,Inf
"228",170800020202,0.9416017,3.059506,0,0,NA,NA,Inf
"229",170800030604,0.8013223,1.17486,0,0,NA,NA,Inf
"230",170800030603,0.90576,1.765958,0,0,NA,NA,Inf
"231",170800030703,0.4223384,6.175106,0,0,NA,NA,Inf
"232",170800030701,0.7237604,0.7396082,0,0,NA,NA,Inf
"233",171001030205,0.453667,9.104542,0,0,NA,NA,Inf
"234",171001030203,0.5182525,7.78348,0,0,NA,NA,Inf
"235",171001030204,0.7451044,1.517164,0,0,NA,NA,Inf
"236",171001030206,0.4747274,8.033665,0,0,NA,NA,Inf
"237",171001030301,0.7148849,0.5385025,0,0,NA,NA,Inf
"238",171001030302,0.7871098,2.219062,0,0,NA,NA,Inf
"239",171001030303,0.7573199,4.883362,0,0,NA,NA,Inf
"240",171001030304,0.6712037,10.81377,0,0,NA,NA,Inf
"241",171001030305,0.4488742,7.176971,0,0,NA,NA,Inf
"242",171001030401,0.5660136,2.85074,0,0,NA,NA,Inf
"243",171001030402,0.4614859,10.46883,0,0,NA,NA,Inf
"244",171001030403,0.776089,9.060794,0,0,NA,NA,Inf
"245",171001030405,0.4076682,12.99062,0,0,NA,NA,Inf
"246",171001040401,0.6493886,4.752209,0,0,NA,NA,Inf
"247",171001040402,0.5211865,1.203541,0,0,NA,NA,Inf
"248",171001040405,0.3890926,29.63016,0,0,NA,NA,Inf
"249",171001040406,0.4454763,25.75156,0,0,NA,NA,Inf
"250",171001040407,0.4392827,37.92027,0,0,NA,NA,Inf
"251",171001050101,0.8741738,4.042387,0,0,NA,NA,Inf
"252",171001050102,0.7127426,9.23892,0,0,NA,NA,Inf
"253",171001050103,0.7926922,9.241492,0,0,NA,NA,Inf
"254",171001050104,0.5142969,9.717727,0,0,NA,NA,Inf
"255",171001050201,0.7233393,2.475119,0,0,NA,NA,Inf
"256",171001050202,0.2897599,12.10632,0,0,NA,NA,Inf
"257",171001050203,0.4062684,8.068553,0,0,NA,NA,Inf
"258",171001050204,0.491111,10.21464,0,0,NA,NA,Inf
"259",171001050301,0.3331191,9.02686,0,0,NA,NA,Inf
"260",171001050302,0.6257571,7.002564,0,0,NA,NA,Inf
"261",171001060105,0.489244,2.464849,0,0,NA,NA,Inf
"262",171001060106,0.5873213,9.247675,0,0,NA,NA,Inf
"263",171001060108,0.5878468,17.94776,0,0,NA,NA,Inf
"264",171001060304,0.4022524,4.371267,0,0,NA,NA,Inf
"265",171001060305,0.3065804,9.225046,0,0,NA,NA,Inf
"266",171001060306,0.4306085,15.3381,0,0,NA,NA,Inf
"267",171100210303,0.9511259,0.1456755,0,0,NA,NA,Inf
"268",171100210304,0.7394039,0.4381833,0,0,NA,NA,Inf
"269",171100210305,0.8243811,0.4216955,0.2565,2565,0,0,1.64403703703704
"270",171100210702,0.5537704,2.687124,0,0,NA,NA,Inf
"271",171100210704,0.7519107,3.551731,0,0,NA,NA,Inf
"272",171100210706,0.6612699,0.8949668,0,0,NA,NA,Inf
"273",171001060102,0.7308109,3.557197,0,0,NA,NA,Inf
"274",171001050400,0.8898302,14.89848,0,0,NA,NA,Inf
"275",171001060101,0.7662365,1.551242,0,0,NA,NA,Inf
"276",171001060103,0.6696492,3.506243,0,0,NA,NA,Inf
"277",171001060104,0.6417618,7.234332,0,0,NA,NA,Inf
"278",171001060201,0.5431495,2.177013,0,0,NA,NA,Inf
"279",171001060202,0.5365898,8.646399,0,0,NA,NA,Inf
"280",171001060203,0.7434855,0.07606232,0,0,NA,NA,Inf
"281",171001060301,0.5452994,4.976338,0,0,NA,NA,Inf
"282",171001060303,0.7168921,2.650369,0,0,NA,NA,Inf
"283",171001060307,0.5364407,2.126579,0,0,NA,NA,Inf
"284",171001060402,0.5092739,5.710356,0,0,NA,NA,Inf
"285",171001060501,0.9136113,1.405662,0,0,NA,NA,Inf
"286",171001060401,0.5968807,5.912199,0,0,NA,NA,Inf
"287",170800050702,0.3319607,14.60927,0,0,NA,NA,Inf
"288",170800050701,0.4736862,13.62859,0,0,NA,NA,Inf
"289",170800050801,0.7486483,0.4320119,0,0,NA,NA,Inf
"290",170800050802,0.4349847,4.624644,0,0,NA,NA,Inf
"291",170800050804,0.3568579,11.14276,0,0,NA,NA,Inf
"292",170800050901,0.6285464,3.32915,0,0,NA,NA,Inf
"293",170800050903,0.6586212,4.378479,0,0,NA,NA,Inf
"294",170800050904,0.3475062,12.66168,0,0,NA,NA,Inf
"295",170800050905,0.5932582,2.036982,0,0,NA,NA,Inf
"296",170800060301,0.6941032,1.92594,0,0,NA,NA,Inf
"297",170800060303,0.7504447,2.381934,0,0,NA,NA,Inf
"298",170800060401,0.7857593,3.610756,0,0,NA,NA,Inf
"299",170800030406,0.4378217,2.532397,0,0,NA,NA,Inf
"300",170800030404,0.3536647,11.20749,0,0,NA,NA,Inf
"301",170800030407,0.2844099,29.02907,0,0,NA,NA,Inf
"302",171002020302,0.8137359,2.066382,0,0,NA,NA,Inf
"303",170800060102,0.736671,3.862153,0,0,NA,NA,Inf
"304",171002020203,0.439052,5.246562,0,0,NA,NA,Inf
"305",171002020205,0.6693007,5.100719,0,0,NA,NA,Inf
"306",171002020207,0.6370638,7.203681,0,0,NA,NA,Inf
"307",170800060101,0.6162438,18.96818,0,0,NA,NA,Inf
"308",170800030504,0.8847743,2.035185,0,0,NA,NA,Inf
"309",170800030505,0.2475488,5.481818,0,0,NA,NA,Inf
"310",171002020204,0.8029059,2.254401,0,0,NA,NA,Inf
"311",170800030801,0.2168919,26.13402,0,0,NA,NA,Inf
"312",170200080706,0.6563574,2.287207,0,0,NA,NA,Inf
"313",170200090107,0.9787316,0.7265897,0,0,NA,NA,Inf
"314",170300010709,0.4912596,8.638564,0,0,NA,NA,Inf
"315",170300020102,0.9099516,2.643348,0,0,NA,NA,Inf
"316",170300020103,0.7868086,2.139655,0,0,NA,NA,Inf
"317",170300020104,0.9368394,1.106747,0,0,NA,NA,Inf
"318",170300020105,0.8398781,2.988735,0,0,NA,NA,Inf
"319",170300020106,0.5777666,2.563097,0,0,NA,NA,Inf
"320",170300020107,0.4728261,3.783833,0,0,NA,NA,Inf
"321",170300020108,0.6128174,4.671714,0,0,NA,NA,Inf
"322",170300020109,0.654105,2.017883,0,0,NA,NA,Inf
"323",170300010604,0.9802292,0.4795402,0,0,NA,NA,Inf
"324",170300010603,0.7442899,1.083915,0,0,NA,NA,Inf
"325",170300010701,0.8012325,0.9240147,0,0,NA,NA,Inf
"326",170300010706,0.9965425,2.932846,0,0,NA,NA,Inf
"327",170300010707,0.9928813,0.4626022,0,0,NA,NA,Inf
"328",170300010708,0.523375,3.620681,0,0,NA,NA,Inf
"329",170300020201,0.8559333,0.1122826,0,0,NA,NA,Inf
"330",170300020202,0.4933259,5.040691,0,0,NA,NA,Inf
"331",170200070104,0.7403837,0.7341892,0,0,NA,NA,Inf
"332",170200070101,0.9851581,0.7474124,0,0,NA,NA,Inf
"333",170200070102,0.9892012,1.213706,0,0,NA,NA,Inf
"334",170200070103,0.7476113,0.1687839,0,0,NA,NA,Inf
"335",170200080101,0.7495663,0.1698838,0,0,NA,NA,Inf
"336",170200080102,0.7465797,0.7058425,0,0,NA,NA,Inf
"337",170200080103,0.8339137,0.4466214,0,0,NA,NA,Inf
"338",170200080104,0.902876,1.171956,0,0,NA,NA,Inf
"339",170200080202,0.7508327,0.1862788,0,0,NA,NA,Inf
"340",170200080203,0.7481237,0.4932877,0,0,NA,NA,Inf
"341",170200080204,0.7672912,1.320584,0,0,NA,NA,Inf
"342",170200080205,0.7914921,3.25704,0,0,NA,NA,Inf
"343",170200080305,0.7381666,0.8273185,0,0,NA,NA,Inf
"344",170200080402,0.7624614,0.5415069,0,0,NA,NA,Inf
"345",170200080407,0.9395317,0.3554123,0,0,NA,NA,Inf
"346",170200080408,0.6697698,2.772279,0,0,NA,NA,Inf
"347",170200080501,0.7470567,0.1404258,0,0,NA,NA,Inf
"348",170200080502,0.7470044,0.1731616,0,0,NA,NA,Inf
"349",170200080503,0.7074681,0.8208344,0,0,NA,NA,Inf
"350",170200080504,0.7289997,0.4846551,0,0,NA,NA,Inf
"351",170200080610,0.6953335,3.458117,0,0,NA,NA,Inf
"352",170200080701,0.9515682,0.6770704,0,0,NA,NA,Inf
"353",170200080702,0.7017315,1.733175,0,0,NA,NA,Inf
"354",170200080703,0.7366585,0.4185485,0,0,NA,NA,Inf
"355",170200080704,0.8740942,1.251666,0,0,NA,NA,Inf
"356",170200080508,0.9392617,0.4311885,0,0,NA,NA,Inf
"357",170200080505,0.7464514,0.1548882,0,0,NA,NA,Inf
"358",170200080506,0.7374889,0.7252161,0,0,NA,NA,Inf
"359",170200080507,0.9710263,1.716437,0,0,NA,NA,Inf
"360",170200080509,0.6610418,2.891822,0,0,NA,NA,Inf
"361",170200080601,0.8736598,0.6747897,0,0,NA,NA,Inf
"362",170200080602,0.6233941,8.221754,0,0,NA,NA,Inf
"363",170200080603,0.9006651,0.6881165,0,0,NA,NA,Inf
"364",170200080605,0.6286281,5.16335,0,0,NA,NA,Inf
"365",170200090113,0.7693785,0.2753671,0,0,NA,NA,Inf
"366",170200090114,0.8515421,3.583383,0,0,NA,NA,Inf
"367",170200090201,0.9000388,0.6331319,0,0,NA,NA,Inf
"368",170200090202,0.746853,0.3001105,0,0,NA,NA,Inf
"369",170200090203,0.7884366,1.043538,0,0,NA,NA,Inf
"370",170200090204,0.747954,0.748335,0,0,NA,NA,Inf
"371",170200090205,0.749236,0.3540657,0,0,NA,NA,Inf
"372",170200090206,0.7537515,0.7666035,0,0,NA,NA,Inf
"373",170200090207,0.8695643,0.6086364,0,0,NA,NA,Inf
"374",170200090208,0.9696561,0.1703384,0,0,NA,NA,Inf
"375",170200090209,0.9743195,0.303579,0,0,NA,NA,Inf
"376",170200080709,0.6362873,1.966235,0,0,NA,NA,Inf
"377",170200080707,0.7441427,0.1398514,0,0,NA,NA,Inf
"378",170200080708,0.7411272,0.2515179,0,0,NA,NA,Inf
"379",170200090101,0.8263,0.2091034,0,0,NA,NA,Inf
"380",170200090102,0.9402347,0.234565,0,0,NA,NA,Inf
"381",170200090103,0.9796003,0.5976454,0,0,NA,NA,Inf
"382",170200090104,0.9341013,0.622746,0,0,NA,NA,Inf
"383",170200090105,0.9522312,0.5464545,0,0,NA,NA,Inf
"384",170200090106,0.8342773,0.3652255,0,0,NA,NA,Inf
"385",170200090110,0.9599169,0.5163125,0,0,NA,NA,Inf
"386",170200090111,0.9826648,0.5934685,0,0,NA,NA,Inf
"387",170200090112,0.7408479,0.1716052,0,0,NA,NA,Inf
"388",170200090303,0.5697568,0.9857885,0,0,NA,NA,Inf
"389",170200090210,1,0.4153197,0,0,NA,NA,Inf
"390",170200090302,0.7745943,0.6207841,0,0,NA,NA,Inf
"391",170200090304,0.6737208,0.5966441,0,0,NA,NA,Inf
"392",170200090305,0.6988057,1.0765,0,0,NA,NA,Inf
"393",170200100101,0.7364689,0.1764008,0,0,NA,NA,Inf
"394",170200100102,0.7249314,0.1714441,0,0,NA,NA,Inf
"395",170200100103,0.673175,1.012152,0,0,NA,NA,Inf
"396",170200100201,0.7479989,0.6187741,0,0,NA,NA,Inf
"397",170200100202,0.7407075,1.123234,0,0,NA,NA,Inf
"398",170200100203,0.7494712,0.399704,0,0,NA,NA,Inf
"399",170200100204,0.8449723,1.630678,0,0,NA,NA,Inf
"400",170200100205,0.7382251,1.405931,0,0,NA,NA,Inf
"401",170200100206,0.7364094,0.3253879,0,0,NA,NA,Inf
"402",170200100207,0.6602125,2.438681,0,0,NA,NA,Inf
"403",170200100208,0.9633863,0.337936,0,0,NA,NA,Inf
"404",170200100209,0.6284037,2.223287,0,0,NA,NA,Inf
"405",170200100302,0.5365773,1.984252,0,0,NA,NA,Inf
"406",170200110104,0.9286823,2.270225,0,0,NA,NA,Inf
"407",170200100306,0.610717,2.111674,0,0,NA,NA,Inf
"408",170200100303,0.557737,1.863294,0,0,NA,NA,Inf
"409",170200100305,0.8538342,0.408677,0,0,NA,NA,Inf
"410",170200100307,0.5367359,1.934889,0,0,NA,NA,Inf
"411",170200100308,0.5178086,1.596077,0,0,NA,NA,Inf
"412",170200100309,0.5559059,0.5825175,0,0,NA,NA,Inf
"413",170200100310,0.6938453,0.4558689,0,0,NA,NA,Inf
"414",170200100311,0.9932278,0.4758738,0,0,NA,NA,Inf
"415",170200100312,0.9981187,1.108705,0,0,NA,NA,Inf
"416",170200100313,0.5570629,3.286713,0,0,NA,NA,Inf
"417",170200100401,0.6919254,0.9799861,0,0,NA,NA,Inf
"418",170200100402,0.9694666,0.6681542,0,0,NA,NA,Inf
"419",170200100403,0.9661152,0.216461,0,0,NA,NA,Inf
"420",170200100404,0.9993858,0.01264409,0,0,NA,NA,Inf
"421",170200100405,0.5658422,6.432682,0,0,NA,NA,Inf
"422",170200100406,0.9150065,0.8161398,0,0,NA,NA,Inf
"423",170200100407,0.9759031,0.7489082,0,0,NA,NA,Inf
"424",170200100408,0.9484054,1.265506,0,0,NA,NA,Inf
"425",170200100409,0.6635404,1.786073,0,0,NA,NA,Inf
"426",170200100504,0.7465223,0.0943948,0,0,NA,NA,Inf
"427",170200100501,0.9547534,0.507273,0,0,NA,NA,Inf
"428",170200100502,0.9560097,0.8809917,0,0,NA,NA,Inf
"429",170200100503,0.9970977,0.01742272,0,0,NA,NA,Inf
"430",170200100505,0.9801596,0.05855094,0,0,NA,NA,Inf
"431",170200100506,0.6636014,1.718075,0,0,NA,NA,Inf
"432",170200100507,0.6125782,4.061515,0,0,NA,NA,Inf
"433",170200110101,0.9713098,0.7504612,0,0,NA,NA,Inf
"434",170200110102,0.9623174,1.779447,0,0,NA,NA,Inf
"435",170200110103,1,0.1947563,0,0,NA,NA,Inf
"436",170200110106,0.9977218,0.5347478,0,0,NA,NA,Inf
"437",170200110105,0.965141,5.818254,0,0,NA,NA,Inf
"438",170200110107,0.9895857,0.6229236,0,0,NA,NA,Inf
"439",170300010102,0.5020138,2.818272,0,0,NA,NA,Inf
"440",170300010103,0.9194599,3.33335,0,0,NA,NA,Inf
"441",170300010104,0.6351541,2.31755,0,0,NA,NA,Inf
"442",170300010105,0.9514078,1.500358,0,0,NA,NA,Inf
"443",170300010203,0.6686814,1.29568,0,0,NA,NA,Inf
"444",170300010106,0.6990625,4.129421,0,0,NA,NA,Inf
"445",170300010201,0.6835008,1.035788,0,0,NA,NA,Inf
"446",170300010202,0.5361919,2.019507,0,0,NA,NA,Inf
"447",170300010204,0.9437195,2.420454,0,0,NA,NA,Inf
"448",170300010302,0.7789001,1.296455,0,0,NA,NA,Inf
"449",170300010303,0.9076789,1.317691,0,0,NA,NA,Inf
"450",170300010305,0.5102594,2.534831,0,0,NA,NA,Inf
"451",170300010306,0.4565063,16.95882,0,0,NA,NA,Inf
"452",170300010307,0.4783634,15.02835,0,0,NA,NA,Inf
"453",170300010404,0.603975,6.411935,0,0,NA,NA,Inf
"454",170300010405,0.5925041,22.23072,0,0,NA,NA,Inf
"455",170300010406,0.9788101,0.8979929,0,0,NA,NA,Inf
"456",170300010407,0.6713118,4.858818,0,0,NA,NA,Inf
"457",170300010503,0.6982589,1.433789,0,0,NA,NA,Inf
"458",170300010502,0.5432466,1.956884,0,0,NA,NA,Inf
"459",170300010409,0.6699846,1.98536,0,0,NA,NA,Inf
"460",170300010501,0.5877723,1.302843,0,0,NA,NA,Inf
"461",170300010504,0.857873,3.271707,0,0,NA,NA,Inf
"462",170300010505,0.5921999,3.953459,0,0,NA,NA,Inf
"463",170300010506,0.7305694,4.007429,0,0,NA,NA,Inf
"464",170300010507,0.4810932,16.7093,0,0,NA,NA,Inf
"465",170300010508,0.7352763,1.763319,0,0,NA,NA,Inf
"466",170300010509,0.760595,0.6574841,0,0,NA,NA,Inf
"467",170300010510,0.5366586,8.053698,0,0,NA,NA,Inf
"468",170300010511,0.5357332,27.19603,0,0,NA,NA,Inf
"469",170200110707,0.5255406,3.005823,0,0,NA,NA,Inf
"470",170200110708,0.39192,5.782449,0,0,NA,NA,Inf
"471",170200120204,1,0.005627487,0,0,NA,NA,Inf
"472",170200120205,0.9568289,3.754573,0,0,NA,NA,Inf
"473",170200120301,0.9918876,0.9304403,0,0,NA,NA,Inf
"474",170200120302,0.9982502,0.3476434,0,0,NA,NA,Inf
"475",170300020204,0.7809509,0.883328,0,0,NA,NA,Inf
"476",170200120304,0.9997355,0.004851482,0,0,NA,NA,Inf
"477",170300020203,0.9212475,1.28438,0,0,NA,NA,Inf
"478",170300020205,0.9944259,0.7350866,0,0,NA,NA,Inf
"479",170300020206,0.7203665,3.80939,0,0,NA,NA,Inf
"480",170300020207,0.6191781,3.336675,0,0,NA,NA,Inf
"481",170300020208,0.5490347,4.930599,0,0,NA,NA,Inf
"482",170300020301,0.9275579,1.170253,0,0,NA,NA,Inf
"483",170300020312,0.4663732,22.43009,0,0,NA,NA,Inf
"484",170300030103,0.9329772,1.807191,0,0,NA,NA,Inf
"485",170300020306,0.6974887,0.9622285,0,0,NA,NA,Inf
"486",170300020304,0.8359097,2.060356,0,0,NA,NA,Inf
"487",170300020305,0.8267074,2.093745,0,0,NA,NA,Inf
"488",170300020307,0.9740024,0.5668525,0,0,NA,NA,Inf
"489",170300020309,0.8098968,1.174386,0,0,NA,NA,Inf
"490",170300020310,0.7939451,1.20141,0,0,NA,NA,Inf
"491",170300020311,0.6765551,5.289834,0,0,NA,NA,Inf
"492",170300030104,0.8821688,2.980993,0,0,NA,NA,Inf
"493",170300030105,0.4851977,33.41776,0,0,NA,NA,Inf
"494",170300030203,0.9883155,1.209181,0,0,NA,NA,Inf
"495",170300030204,0.6899008,1.495992,0,0,NA,NA,Inf
"496",170300030205,0.4442999,8.484201,0,0,NA,NA,Inf
"497",170300030206,0.4424001,30.96911,0,0,NA,NA,Inf
"498",170200150606,0.941165,9.2509,0,0,NA,NA,Inf
"499",170200071301,0.7484784,0.07744151,0,0,NA,NA,Inf
"500",170200151011,0.9767533,0.4351946,0,0,NA,NA,Inf
"501",170200151009,0.9891281,0.2536134,0,0,NA,NA,Inf
"502",170200151010,0.8232214,6.851756,0,0,NA,NA,Inf
"503",170200151012,0.8074318,16.2572,0,0,NA,NA,Inf
"504",170200160101,0.9987189,0.03223613,0,0,NA,NA,Inf
"505",170200160102,0.5894812,8.731736,0,0,NA,NA,Inf
"506",170200160103,0.9987346,0.01265352,0,0,NA,NA,Inf
"507",170200160105,0.7302693,4.374613,0,0,NA,NA,Inf
"508",170200160106,0.5133752,15.41819,0,0,NA,NA,Inf
"509",170200160201,0.9822297,5.093491,0,0,NA,NA,Inf
"510",170200160107,0.9998097,0.06094861,0,0,NA,NA,Inf
"511",170200110108,0.981134,1.212883,0,0,NA,NA,Inf
"512",170200110109,0.9974474,0.2875325,0,0,NA,NA,Inf
"513",170200110110,0.9858246,3.402887,0,0,NA,NA,Inf
"514",170200120405,1,0.05408409,0,0,NA,NA,Inf
"515",170200050507,0.3803779,5.920103,0,0,NA,NA,Inf
"516",170200050506,0.7680201,0.8039791,0,0,NA,NA,Inf
"517",170200110203,0.5225878,4.437056,0,0,NA,NA,Inf
"518",170200110111,0.9534719,1.085537,0,0,NA,NA,Inf
"519",170200110201,0.6798066,1.392298,0,0,NA,NA,Inf
"520",170200110202,0.815768,0.471703,0,0,NA,NA,Inf
"521",170200110301,0.746469,0.270261,0,0,NA,NA,Inf
"522",170200110302,0.8936036,0.1545368,0,0,NA,NA,Inf
"523",170200110303,0.9829343,2.22692,0,0,NA,NA,Inf
"524",170200110304,0.9242437,0.5887542,0,0,NA,NA,Inf
"525",170200110305,0.9025538,4.570983,0,0,NA,NA,Inf
"526",170200110306,0.7463902,0.5024135,0,0,NA,NA,Inf
"527",170200110307,0.9449406,1.614563,0,0,NA,NA,Inf
"528",170200110401,0.9647009,1.789586,0,0,NA,NA,Inf
"529",170200110406,0.4866808,2.997781,0,0,NA,NA,Inf
"530",170200110501,0.4357865,0.6423923,0,0,NA,NA,Inf
"531",170200110502,0.644775,1.154663,0,0,NA,NA,Inf
"532",170200110403,0.8886325,0.940032,0,0,NA,NA,Inf
"533",170200110308,0.7231696,2.592105,0,0,NA,NA,Inf
"534",170200110402,0.7781321,0.6799982,0,0,NA,NA,Inf
"535",170200110404,0.5328472,2.658652,0,0,NA,NA,Inf
"536",170200110405,0.9072089,0.431264,0,0,NA,NA,Inf
"537",170200110503,0.6082306,1.971145,0,0,NA,NA,Inf
"538",170200110601,0.9510439,0.1925066,0,0,NA,NA,Inf
"539",170200110603,0.8836771,0.1526329,0,0,NA,NA,Inf
"540",170200110604,0.595636,1.686561,0,0,NA,NA,Inf
"541",170200110701,0.6907031,5.011736,0,0,NA,NA,Inf
"542",170200110702,0.7081357,1.140201,0,0,NA,NA,Inf
"543",170200110703,0.5769941,2.251841,0,0,NA,NA,Inf
"544",170200110704,0.7833729,0.5443698,0,0,NA,NA,Inf
"545",170200110705,0.649131,1.375027,0,0,NA,NA,Inf
"546",170200110706,0.6180381,2.936423,0,0,NA,NA,Inf
"547",171100060105,0.7251955,2.256882,3.2212,32212,10446,32.4289084813113,0.70063392524525
"548",171100060106,0.8084466,4.037253,5.7998,57998,30321,52.2793889444464,0.696102106969206
"549",171100060201,0.8718376,0.8895477,0.7502,7502,1993,26.5662490002666,1.18574740069315
"550",171100060203,0.9669189,0.996054,1.736,17360,4583,26.3997695852535,0.573763824884793
"551",171100060204,0.9508931,0.7856178,1.273,12730,2625,20.6205813040063,0.617138884524745
"552",171100060205,0.7474979,1.282745,1.7862,17862,8476,47.45269286754,0.718141865412608
"553",171100060301,0.9974388,0.2131319,0.0387,387,145,37.4677002583979,5.5072842377261
"554",171100060302,0.9483871,0.7904539,1.0362,10362,2654,25.6128160586759,0.762839123721289
"555",171100060303,0.7224182,4.276535,9.5136,95136,42460,44.6308442650521,0.44951805835856
"556",171100060304,0.9782699,0.3782939,0.2781,2781,1206,43.3656957928803,1.36028011506652
"557",171100060305,0.8871662,6.769395,13.2247,132247,79699,60.2652612157554,0.511875127602138
"558",171100070104,0.3678055,15.37308,10.9169,109169,48499,44.4256153303593,1.408190969964
"559",171100070105,0.3766199,21.849,22.1162,221162,61912,27.9939591792442,0.987918358488348
"560",171100070106,0.9732366,1.769474,3.0858,30858,13084,42.4006740553503,0.573424719683712
"561",171100070201,0.6886069,6.922163,10.281,102810,16241,15.7971014492754,0.673296663748663
"562",171100070202,0.555838,9.333238,14.1434,141434,20476,14.477424098873,0.659900589674336
"563",171100070203,0.4449688,42.97233,53.1818,531818,98428,18.5078353872942,0.808026994197263
"564",171100070204,0.470238,91.70146,131.0151,1310151,82320,6.28324521371964,0.699930466030251
"565",171100080101,0.9776674,1.229698,0.7853,7853,1830,23.3031962307398,1.56589583598625
"566",171100080102,0.7451861,3.055485,6.0088,60088,13715,22.824856876581,0.508501697510318
"567",171100080103,0.8795325,3.072427,4.3256,43256,10581,24.4613464028112,0.710289208433512
"568",171100080104,0.9417409,2.069427,1.7845,17845,8428,47.2289156626506,1.15966769403194
"569",171100080105,0.7801369,4.073904,6.6923,66923,23738,35.4706154834661,0.608744975568937
"570",171100080106,0.4721777,4.295926,7.4877,74877,15383,20.5443594161091,0.573731052259038
"571",171100080107,0.9922383,0.8233738,0.9432,9432,2778,29.4529262086514,0.87295780322307
"572",171100080108,0.825873,2.916603,3.7232,37232,17442,46.8467984529437,0.783359207133648
"573",171100080109,0.6200559,12.57441,17.9737,179737,38972,21.6827920795384,0.699600527437311
"574",171100080201,0.9424149,1.019942,1.3676,13676,2422,17.7098566832407,0.745789704591986
"575",171100080202,0.771624,2.813269,4.2269,42269,10970,25.9528259480944,0.665563178688874
"576",171100080203,0.6939041,4.649357,6.0317,60317,21426,35.5223237229968,0.770820332576222
"577",171100090501,0.9223005,0.7695354,0.3946,3946,0,0,1.95016573745565
"578",171100090103,0.9461722,3.666779,3.2312,32312,15196,47.0289675662293,1.1348040975489
"579",171100090502,0.9654525,1.945705,8.6365,86365,0,0,0.225288600706305
"580",171100090303,0.4603242,4.303468,4.0707,40707,18348,45.0733289114894,1.05718132016606
"581",171100090401,0.9318598,1.556227,0.9059,9059,2101,23.1924053427531,1.7178794568937
"582",171100090402,0.6600732,2.028835,2.2036,22036,13133,59.5979306589218,0.920691141768016
"583",171100080207,0.5816192,7.109747,9.3763,93763,30358,32.3773770037222,0.758267866855796
"584",171100080205,0.8919039,2.697685,3.6501,36501,13703,37.5414372208981,0.739071532286787
"585",171100080206,0.799955,2.929422,4.145,41450,9890,23.8600723763571,0.70673630880579
"586",171100080301,0.8638905,1.2501,1.6927,16927,5405,31.9312341229988,0.738524251196313
"587",171100080302,0.7678276,3.091424,4.7191,47191,20664,43.7880104257168,0.65508762263991
"588",171100080303,0.4659049,24.83678,27.5641,275641,36668,13.3028105397963,0.901055358237708
"589",171100080304,0.4583596,28.74646,35.4254,354254,22666,6.39823403546608,0.811464655303822
"590",171100090101,0.9722062,0.6543715,0.679,6790,1768,26.0382916053019,0.963728276877761
"591",171100090102,0.6848408,0.7048807,0.3579,3579,744,20.7879295892707,1.96949063984353
"592",171100090104,0.6979753,1.84821,2.3486,23486,8377,35.6680575662097,0.78694115643362
"593",171100090201,0.9779666,1.300493,1.4469,14469,4105,28.3710000691133,0.89881332503974
"594",171100090202,0.98556,0.5926898,0.1404,1404,316,22.5071225071225,4.22143732193732
"595",171100090203,0.8117356,2.409486,3.3955,33955,16102,47.4215873950817,0.709611544691503
"596",171100090301,0.82396,3.180236,2.5591,25591,10431,40.7604235864171,1.24271658004767
"597",171100090302,0.4305232,7.501212,7.8542,78542,26265,33.4407068829416,0.955057421506964
"598",171100090503,0.5611306,3.551956,4.9865,49865,19395,38.8950165446706,0.712314449012333
"599",171100090403,0.7223468,4.058927,5.3004,53004,29765,56.1561391593087,0.765777488491434
"600",171100090601,0.721349,3.478583,5.8157,58157,21649,37.2250975806868,0.598136595766632
"601",171100090602,0.3759041,7.234362,10.4815,104815,28408,27.1029909841149,0.69020292897009
"602",171100090603,0.4468536,16.09479,18.0869,180869,93248,51.555545726465,0.889858958693861
"603",171100090701,0.4842776,5.51802,10.4146,104146,20182,19.3785647072379,0.529835039271792
"604",171100100101,0.9246062,0.9609488,0.3556,3556,214,6.01799775028122,2.70233070866142
"605",171100100102,0.7098888,2.743218,4.2374,42374,15878,37.4710907632039,0.647382357105772
"606",170800060103,0.7688123,2.306917,0,0,NA,NA,Inf
"607",170200070106,0,0,0,0,NA,NA,NA
"608",170200071303,0,0,0,0,NA,NA,NA
"609",170200160104,0,0,0,0,NA,NA,NA
"610",170200120306,0,0,0,0,NA,NA,NA
"611",171100100104,0.779198,2.857767,3.9978,39978,14898,37.2654960228125,0.71483490920006
"612",171100100202,0.981342,1.843817,2.6695,26695,12125,45.4204907286009,0.690697508896797
"613",171100100203,0.9463454,1.556262,1.0943,10943,4144,37.8689573243169,1.42215297450425
"614",171100100204,0.9793442,1.378976,1.2581,12581,3379,26.8579604165011,1.0960782131786
"615",171100100205,0.435348,11.72445,12.7734,127734,54852,42.9423646014374,0.917880125886608
"616",171100100301,0.6185479,3.295639,3.7528,37528,12519,33.3590918780644,0.87818135791942
"617",171100100302,0.4183846,16.2955,18.0758,180758,28728,15.8930725057812,0.901509200146052
"618",171100100403,0.9276803,1.268387,0.3445,3445,507,14.7169811320755,3.68182002902758
"619",171100100404,0.467744,31.62202,36.8604,368604,53472,14.5066249959306,0.857885969767013
"620",171100100501,0.8433377,1.020714,0.2763,2763,497,17.9876945349258,3.694223669924
"621",171100100502,0.8306802,2.228701,2.4849,24849,10206,41.0720753350235,0.896897661877742
"622",171100100503,0.8882279,0.6942541,0,0,NA,NA,Inf
"623",170800040103,0.911426,2.41819,0,0,NA,NA,Inf
"624",170800040101,0.9394803,1.230703,0,0,NA,NA,Inf
"625",170800040102,0.8284436,3.649005,0,0,NA,NA,Inf
"626",170800040201,0.8642575,2.085134,0,0,NA,NA,Inf
"627",170800040202,0.3727754,5.641309,0,0,NA,NA,Inf
"628",170800040203,0.5948129,1.206365,0,0,NA,NA,Inf
"629",170800040204,0.809329,2.07124,0,0,NA,NA,Inf
"630",170800040205,0.9335637,1.441639,0,0,NA,NA,Inf
"631",170800040206,0.25,11.79906,0,0,NA,NA,Inf
"632",170800040301,0.9921656,0.6760151,0,0,NA,NA,Inf
"633",170800040302,0.9957122,0.4181411,0,0,NA,NA,Inf
"634",170800040304,0.9577013,5.003714,0,0,NA,NA,Inf
"635",170800040307,0.7999368,6.16388,0,0,NA,NA,Inf
"636",170800040308,0.9201056,2.367074,0,0,NA,NA,Inf
"637",170800040309,0.7394386,3.631877,0,0,NA,NA,Inf
"638",171100100601,0.4338672,21.14913,23.3255,233255,34875,14.9514479861096,0.90669567640565
"639",171100100504,0.9108058,1.463333,1.5909,15909,7234,45.4711169778113,0.919814570368974
"640",171100100505,0.5203304,3.57428,4.5723,45723,18899,41.3336832666273,0.781724733722634
"641",171100100602,0.6994926,4.37423,5.145,51450,11652,22.6472303206997,0.850190476190476
"642",171100110102,0.6209756,1.21034,7.2319,72319,1478,2.04372294970893,0.167361274353904
"643",171100110103,0.4332606,8.282802,14.7866,147866,30864,20.8729525381088,0.560155952010604
"644",170800040404,0.9934629,0.4780399,0,0,NA,NA,Inf
"645",170800040406,0.7469904,0.109688,0,0,NA,NA,Inf
"646",170800040401,0.9744231,0.5834623,0,0,NA,NA,Inf
"647",170800040402,0.9398221,2.829294,0,0,NA,NA,Inf
"648",170800040403,0.72482,6.013203,0,0,NA,NA,Inf
"649",170800040405,0.9596768,1.583772,0,0,NA,NA,Inf
"650",170800040407,0.9542622,0.9233377,0,0,NA,NA,Inf
"651",170800040408,0.5164436,7.950951,0,0,NA,NA,Inf
"652",170800040501,0.743212,0.7510371,0,0,NA,NA,Inf
"653",170800040502,0.9804001,0.7927621,0,0,NA,NA,Inf
"654",170800040503,0.5163352,12.07773,0,0,NA,NA,Inf
"655",170800040504,0.5610364,17.21642,0,0,NA,NA,Inf
"656",170800050106,0.775836,5.29519,0,0,NA,NA,Inf
"657",170800050206,0.7895836,3.646137,0,0,NA,NA,Inf
"658",171100120102,0.9912817,1.267355,1.1342,11342,0,0,1.1173999294657
"659",171100110203,0.2993139,67.22653,78.9579,789579,134795,17.0717559610881,0.851422466909581
"660",171100110204,0.6980665,1.205015,0.0639,639,0,0,18.8578247261346
"661",171100120101,0.9721269,0.512485,0.3353,3353,806,24.0381747688637,1.52843722039964
"662",171100120103,0.9801274,3.718573,5.1792,51792,18549,35.8144114921223,0.717982120790856
"663",171100120104,0.9093317,2.069459,1.6106,16106,4763,29.5728300012418,1.28489941636657
"664",171100120105,0.777392,3.296339,2.572,25720,9781,38.0287713841369,1.28162480559876
"665",171100120106,0.9186677,0.05139239,0.0577,577,17,2.94627383015598,0.89068266897747
"666",171100120107,0.4345841,12.05929,15.3416,153416,29510,19.2352818480471,0.786051650414559
"667",170800040508,0.6927669,11.47999,0,0,NA,NA,Inf
"668",170800040505,0.6641423,2.48986,0,0,NA,NA,Inf
"669",170800040507,0.6398449,3.367236,0,0,NA,NA,Inf
"670",170800050101,0.8178233,0.3211304,0,0,NA,NA,Inf
"671",170800050102,0.6786388,1.266054,0,0,NA,NA,Inf
"672",170800050104,0.5202614,3.774473,0,0,NA,NA,Inf
"673",170800050105,0.9520932,1.162596,0,0,NA,NA,Inf
"674",170800050201,0.9018288,1.08045,0,0,NA,NA,Inf
"675",170800050202,0.5107092,6.818799,0,0,NA,NA,Inf
"676",170800050203,0.8912761,1.73933,0,0,NA,NA,Inf
"677",170800050204,0.9387004,2.39492,0,0,NA,NA,Inf
"678",170800050205,0.7674591,2.929058,0,0,NA,NA,Inf
"679",170800050302,0.6980063,2.327481,0,0,NA,NA,Inf
"680",170800050303,0.7355619,2.402489,0,0,NA,NA,Inf
"681",170800050304,0.629892,4.687589,0,0,NA,NA,Inf
"682",171001060600,0.9014054,10.74509,0,0,NA,NA,Inf
"683",171100120302,0.4954467,1.368721,5.11,51100,6296,12.320939334638,0.267851467710372
"684",171100140303,0.7614428,4.659486,2.9403,29403,14426,49.0630207801925,1.584697479849
"685",170800050502,0.9860411,8.895291,0,0,NA,NA,Inf
"686",170800050503,0.9740022,6.670652,0,0,NA,NA,Inf
"687",170800050504,0.7963329,19.36345,0,0,NA,NA,Inf
"688",171100120202,0.6518881,1.775097,6.1886,61886,5467,8.83398506932101,0.286833371037068
"689",171100120301,0.4709472,4.202292,8.1796,81796,5911,7.22651474399726,0.513752750745758
"690",171100120304,0.4720356,3.47287,19.7721,197721,6111,3.09071874004279,0.175644974484248
"691",171100120400,0.478139,8.328623,24.922,249220,754,0.302543937083701,0.33418758526603
"692",171100130101,0.9983544,0.03686663,0,0,NA,NA,Inf
"693",171100130102,0.9394642,1.263844,1.4559,14559,7409,50.8894841678687,0.868084346452366
"694",171100130103,0.7583582,1.005095,1.3857,13857,6385,46.0777946164393,0.725333766327488
"695",171100130104,0.8509694,3.031071,4.0832,40832,18792,46.0227272727273,0.74232734130094
"696",171100130105,0.9491995,1.05103,0.9573,9573,5431,56.7324767575473,1.0979107907657
"697",171100130106,0.8527316,1.770866,2.2973,22973,9275,40.3734819135507,0.770846646062769
"698",171100130201,0.9018802,3.026984,3.7795,37795,19920,52.7053843100939,0.800895356528641
"699",171100130202,0.8578428,2.341632,3.0188,30188,5526,18.3052868689545,0.77568305286869
"700",171100130204,0.6437525,1.66504,1.9386,19386,9291,47.9263385948623,0.858887857216548
"701",171100130205,0.3779508,5.359297,1.3922,13922,8399,60.328975721879,3.84951659244361
"702",171100130301,0.488474,1.251237,10.7944,107944,10671,9.88568146446305,0.115915382049952
"703",171100130302,0.4035957,3.996522,2.1407,21407,5337,24.93109730462,1.86692296912225
"704",171100130303,0.470268,19.22868,23.9685,239685,59186,24.6932432150531,0.802247950434946
"705",171100140106,0.3838103,12.8113,12.5829,125829,40086,31.8575209212503,1.01815161846633
"706",171100140201,0.7267272,2.169547,1.8029,18029,6657,36.9238449165234,1.20336513395086
"707",171100140202,0.698965,4.807723,4.5618,45618,19256,42.2114077776316,1.05390920250778
"708",171100140203,0.6696197,3.785058,2.5944,25944,14644,56.4446500154178,1.45893385753932
"709",171100140204,0.619269,3.024606,6.1866,61866,7519,12.1536870009375,0.48889632431384
"710",171100140205,0.4002059,17.18399,17.9408,179408,45570,25.4002051190582,0.95781626237403
"711",171100140301,0.7492109,8.494413,7.0387,70387,49513,70.3439555599756,1.20681560515436
"712",171100140302,0.8775192,3.189675,2.0189,20189,5699,28.2282431026797,1.57990737530338
"713",170800050402,0.8933779,2.876956,0,0,NA,NA,Inf
"714",170800050305,0.6727166,5.189966,0,0,NA,NA,Inf
"715",170800050306,0.4614359,21.25623,0,0,NA,NA,Inf
"716",170800050401,0.9542309,2.37891,0,0,NA,NA,Inf
"717",170800050403,0.9700425,0.4397386,0,0,NA,NA,Inf
"718",170800050404,0.637864,4.675012,0,0,NA,NA,Inf
"719",170800050501,0.8084593,2.817893,0,0,NA,NA,Inf
"720",170800050505,0.3113787,10.62291,0,0,NA,NA,Inf
"721",170800050602,0.891058,2.391051,0,0,NA,NA,Inf
"722",170800050603,0.8518894,2.070529,0,0,NA,NA,Inf
"723",170800050604,0.4508272,2.594527,0,0,NA,NA,Inf
"724",170800050605,0.4461915,6.031976,0,0,NA,NA,Inf
"725",171100140304,0.759638,6.06893,6.2939,62939,28069,44.5971496210617,0.964255866791655
"726",171100140306,0.5975242,5.736497,5.8812,58812,20801,35.3686322519214,0.97539566755084
"727",171100140102,0.8516848,6.560324,7.2087,72087,43864,60.8486967136932,0.910056459555814
"728",171100130304,0.4797608,30.62635,28.5215,285215,11816,4.14283961222236,1.07379871325141
"729",171100130305,0.45754,52.51324,68.911,689110,13956,2.02522093715082,0.762044376079291
"730",171100140101,0.8162242,4.236606,3.6147,36147,16349,45.2292029767339,1.17204913270811
"731",171100140103,0.4486477,1.896411,3.0303,30303,6043,19.9419199419199,0.625816255816256
"732",171100140104,0.4100298,6.616742,7.3048,73048,19170,26.243018289344,0.905807414302924
"733",171100140105,0.5628654,3.404436,4.5856,45856,16492,35.9647592463364,0.742418876482903
"734",171100140307,0.3714446,11.68497,9.0614,90614,41613,45.9233672500938,1.28953252256826
"735",171100140305,0.9763279,0.4497033,0.1261,1261,405,32.1173671689136,3.56624345757335
"736",171100140402,0.719696,1.95165,1.4288,14288,4058,28.4014557670773,1.36593645016797
"737",171100140403,0.4488892,9.2673,6.0805,60805,26179,43.0540251624044,1.52410163637859
"738",171100140404,0.469518,41.53572,44.8988,448988,128102,28.5312747779451,0.925096439103049
"739",171100140501,0.4370393,18.58553,19.134,191340,10202,5.33186996968747,0.971335319326853
"740",171100140502,0.3955834,27.10435,29.5033,295033,6666,2.2594082695834,0.918688756850928
"741",171100150101,0.7488408,0.07441179,0.0799,799,68,8.51063829787234,0.931311514392991
"742",171100150102,0.9789699,0.2940676,0.651,6510,91,1.39784946236559,0.451716743471582
"743",171100150103,0.7797534,2.660645,0.0798,798,89,11.1528822055138,33.3414160401002
"744",171100150104,0.6589147,6.465518,5.5522,55522,21764,39.1988761211772,1.16449659594395
"745",171100150105,0.6439748,6.554817,8.5272,85272,43941,51.5303968477343,0.768695116802702
"746",171100150106,0.5822182,6.117211,7.4985,74985,4181,5.57578182303127,0.815791291591652
"747",171100150107,0.7439827,1.424441,0.8668,8668,3747,43.2279649284725,1.64333294877711
"748",171100150110,0.6172685,10.39044,11.2133,112133,66275,59.1039212363889,0.926617498862957
"749",171100040103,0.9610882,0.6163174,0.6067,6067,1412,23.2734465139278,1.01585198615461
"750",171100040104,0.8794268,0.9279567,1.2189,12189,1753,14.3818196734761,0.761306669948314
"751",171100150202,0.5709955,4.283889,3.534,35340,13648,38.6191284663271,1.21219269949066
"752",171100150111,0.8834078,0.8347087,1.4236,14236,1225,8.60494520932846,0.586336541163248
"753",171100150201,0.9502842,0.448235,0.8528,8528,2266,26.5712945590994,0.525603893058161
"754",171100150203,0.7303756,5.403534,6.4848,64848,20082,30.9678016284234,0.833261472982975
"755",171100150204,0.8010552,2.1167,7.78,77800,11677,15.0089974293059,0.27206940874036
"756",171100150205,0.7689648,11.02208,9.5901,95901,58980,61.500922826665,1.14931856810669
"757",171100150301,0.4144725,16.69896,26.0544,260544,54085,20.7584899287644,0.640926676492262
"758",171100150302,0.6439317,2.129659,11.5623,115623,1762,1.52391825155895,0.184189910311962
"759",171100150303,0.6014321,7.412735,23.6207,236207,25166,10.6542143120229,0.31382368007722
"760",171100150304,0.7373777,1.995235,6.6793,66793,103,0.15420777626398,0.298719177159283
"761",171100150305,0.5358989,15.73708,54.4051,544051,165218,30.3681088721462,0.289257440938441
"762",171100160101,0.6840539,1.432318,1.8562,18562,3813,20.541967460403,0.771639909492511
"763",171100160102,0.4745887,7.80852,17.1766,171766,30123,17.5372308838769,0.454602191353353
"764",171100160201,0.7226669,7.978684,22.6645,226645,33617,14.8324472192195,0.35203441505438
"765",171100160202,0.4929314,4.476817,13.3936,133936,42421,31.6725898936806,0.334250462907657
"766",171100170101,0.8513182,4.428232,4.322,43220,18326,42.4016658954188,1.02457936140676
"767",171100040302,0.9736061,0.6742968,0.9332,9332,4489,48.1033004714959,0.72256408058294
"768",171100180202,0.7346467,5.621277,5.1406,51406,21935,42.6701163288332,1.09350601097148
"769",171100010301,0.9492948,0.1278172,0,0,NA,NA,Inf
"770",171100020106,0.6999786,1.754916,0.5378,5378,0,0,3.26313871327631
"771",171100040202,0.396381,3.685178,4.5536,45536,215,0.472153900210822,0.809288914265636
"772",171100040203,0.8553295,3.772657,6.2396,62396,25705,41.1965510609654,0.604631226360664
"773",171100040105,0.8781009,0.9946736,0.9551,9551,3745,39.2105538687048,1.04143398597006
"774",171100040106,0.7797631,2.682442,3.9385,39385,20453,51.9309381744319,0.681082137869747
"775",171100040201,0.821305,7.015636,9.8908,98908,65780,66.506248230679,0.709309257087394
"776",171100040301,0.9846219,0.6366602,0.4454,4454,2087,46.8567579703637,1.42941221374046
"777",171100040303,0.9752848,0.4610172,0.4809,4809,1772,36.8475774589312,0.958655021834061
"778",171100040304,0.9328932,3.577444,6.1704,61704,37772,61.2148321016466,0.579775055101776
"779",171100040401,0.9843119,0.5816144,0.719,7190,2677,37.2322670375522,0.808921279554937
"780",171100040402,0.9809603,1.418384,2.2227,22227,9191,41.3506096189319,0.638135600845818
"781",171100040403,0.9370992,4.153187,6.0636,60636,28714,47.3547067748532,0.684937495877037
"782",171100170203,0.9212835,3.354585,3.748,37480,18195,48.5458911419424,0.895033351120598
"783",171100170102,0.7759507,7.193584,7.5082,75082,37087,49.395327774966,0.958097013931435
"784",171100170201,0.9658229,1.284991,0.7186,7186,1896,26.3846367937657,1.78818675201781
"785",171100170202,0.8544644,2.643472,4.4986,44986,6550,14.5600853598897,0.58762103765616
"786",171100170204,0.5797838,18.17591,20.5977,205977,87647,42.5518383120446,0.882424251251353
"787",171100180101,0.6533603,1.595523,0,0,NA,NA,Inf
"788",171100180102,0.6680497,0.3528076,0,0,NA,NA,Inf
"789",171100180103,0.7127489,0.1965183,0,0,NA,NA,Inf
"790",171100180104,0.7057176,3.817598,0,0,NA,NA,Inf
"791",171100180105,0.9273533,0.7037277,0,0,NA,NA,Inf
"792",171100180106,0.7401811,0.1226191,0,0,NA,NA,Inf
"793",171100180107,0.7002465,1.081416,0,0,NA,NA,Inf
"794",171100180201,0.7408783,0.6748564,0.6911,6911,3080,44.566632904066,0.976496020836348
"795",171100180301,0.7082465,0.2009583,0.0637,637,0,0,3.15476138147567
"796",171100180302,0.8452231,1.848651,0,0,NA,NA,Inf
"797",171100180303,0.7429664,0.07924344,0.0759,759,0,0,1.04405059288538
"798",171100180304,0.7380681,0.1169364,0.3555,3555,762,21.4345991561181,0.328935021097046
"799",171100180502,0.9900081,1.541725,0.5851,5851,1628,27.8243035378568,2.63497692702102
"800",171100180401,0.9220273,2.228217,1.4096,14096,3929,27.8731555051078,1.58074418274688
"801",171100180402,0.7958102,3.212916,3.2444,32444,12506,38.5464184440883,0.990295894464308
"802",171100180501,0.9960181,0.6685562,0.1378,1378,331,24.0203193033382,4.85164150943396
"803",171100180503,0.5449034,6.437698,5.6339,56339,24257,43.0554322937929,1.14267168391345
"804",171100180601,1,0.4228194,0.3204,3204,1042,32.521847690387,1.31966104868914
"805",171100180602,0.9602543,0.5395849,0.1607,1607,245,15.2457996266335,3.35771561916615
"806",171100050405,0.9955262,0.8507317,1.3945,13945,3926,28.1534600215131,0.6100621728218
"807",171100010101,0.9205083,1.131564,0,0,NA,NA,Inf
"808",171100010102,1,0.1213597,0,0,NA,NA,Inf
"809",171100010205,0.9624958,0.4545547,0,0,NA,NA,Inf
"810",171100020201,0.8660762,2.546532,4.3203,43203,4949,11.4552230169201,0.589434067078675
"811",171100040501,0.3589335,23.47367,27.5464,275464,134607,48.8655504893561,0.852150190224494
"812",171100040700,0.838114,2.068954,1.3708,13708,6909,50.4012255617158,1.50930405602568
"813",171100040404,0.9573195,0.5619173,0.277,2770,1397,50.4332129963899,2.02858231046931
"814",171100040405,0.8362268,4.494569,4.439,44390,20751,46.7470150934895,1.01251835999099
"815",171100040406,0.4085226,19.15105,26.4932,264932,52681,19.8847251370163,0.722866622378573
"816",171100040504,0.6223955,4.057095,30.1012,301012,4182,1.38931338285517,0.134781835940095
"817",171100040505,0.5494925,2.435763,8.2267,82267,26042,31.6554633084955,0.296080202268224
"818",171100040506,0.309531,14.17827,39.6366,396366,56256,14.1929428861204,0.357706513676753
"819",171100040601,0.4732741,1.798264,0.0041,41,28,68.2926829268293,438.600975609756
"820",171100180603,0.7021025,2.485496,2.5384,25384,6321,24.9015127639458,0.979158525055153
"821",171100180701,0.6479968,1.751284,2.0132,20132,5960,29.6046095767932,0.869900655672561
"822",171100180702,0.6758107,1.383759,0.3073,3073,228,7.41945981125936,4.50295802147738
"823",171100180703,0.9916051,0.3971647,0.6638,6638,429,6.46278999698704,0.598319825248569
"824",171100180704,1,0.005328894,0,0,NA,NA,Inf
"825",171100180800,0.7551896,5.593544,0.291,2910,474,16.2886597938144,19.2218006872852
"826",171100190101,0.373271,1.404479,4.8756,48756,0,0,0.288062802526868
"827",171100190102,0.7745706,0.1478377,0,0,NA,NA,Inf
"828",171100190103,0.745535,0.03664835,0,0,NA,NA,Inf
"829",171100020203,0.9118677,5.432377,10.848,108480,28292,26.080383480826,0.500772216076696
"830",171100040605,1,0.02333881,0,0,NA,NA,Inf
"831",171100020107,0.8766046,0.5145655,0.3116,3116,0,0,1.65136553273427
"832",171100020202,0.6839892,2.128837,10.8133,108133,19413,17.9528913467674,0.196872092700656
"833",171100050402,1,0.09543821,0.006,60,0,0,15.9063683333333
"834",171100190606,0.2755534,6.879911,0,0,NA,NA,Inf
"835",171100050403,1,0.1156086,0.0281,281,45,16.0142348754448,4.11418505338078
"836",171100050404,0.995814,0.404371,0.5981,5981,1328,22.2036448754389,0.676092626651062
"837",171100050501,0.9898629,0.4549373,0.372,3720,620,16.6666666666667,1.2229497311828
"838",171100050502,0.9956431,0.5933187,0.6879,6879,1604,23.3173426370112,0.862507195813345
"839",171100050503,0.9997069,0.4432003,1.1941,11941,2732,22.8791558495938,0.371158445691316
"840",171100050504,0.7244245,0.7498037,1.2446,12446,2102,16.8889603085329,0.602445524666559
"841",171100050505,0.8110921,1.514929,1.4135,14135,2647,18.7265652635302,1.07175733993633
"842",171100050601,0.927659,1.981773,3.1848,31848,12620,39.6257221803567,0.622259796533534
"843",171100190703,0.718376,0.9762175,0,0,NA,NA,Inf
"844",171100190704,0.6493347,0.4832275,0,0,NA,NA,Inf
"845",171100190705,0.599852,0.3455348,0,0,NA,NA,Inf
"846",171100190706,0.7494807,0.01725058,0,0,NA,NA,Inf
"847",171100190107,0.7159243,0.3325004,0,0,NA,NA,Inf
"848",171100190104,0.747464,0.04579145,0,0,NA,NA,Inf
"849",171100190201,0.7336473,0.873437,0,0,NA,NA,Inf
"850",171100190203,0.4988955,1.191871,0.2445,2445,0,0,4.87472801635992
"851",171100190204,0.5,2.141458,0.0391,391,0,0,54.768746803069
"852",171100190205,0.313573,25.36945,28.1271,281271,0,0,0.901957542725699
"853",171100190301,0.3287539,2.218444,2.8079,28079,0,0,0.790072296021938
"854",171100190302,0.4346523,7.425571,0.0885,885,0,0,83.9047570621469
"855",171100190303,0.4830672,8.234714,0,0,NA,NA,Inf
"856",171100190402,0.7499844,0.003832241,0,0,NA,NA,Inf
"857",171100190403,0.7327329,0.1046171,0,0,NA,NA,Inf
"858",171100190404,0.7487319,0.02689917,0,0,NA,NA,Inf
"859",171100020302,0.2270726,60.03065,82.9815,829815,0,0,0.723422088055771
"860",171100020204,0.3009099,23.25457,53.4489,534489,10376,1.94129345973444,0.435080422609259
"861",171100020301,0.5321453,2.407853,22.4679,224679,888,0.39523052888788,0.107168582733589
"862",171100020303,0.7438514,1.682833,3.7236,37236,0,0,0.451937103877968
"863",171100020402,1,0.02076993,0,0,NA,NA,Inf
"864",171100040101,0.8809576,1.810198,2.787,27870,12613,45.2565482597775,0.64951489056333
"865",171100050604,0.9962518,0.4737536,0.5765,5765,1620,28.100607111882,0.82177554206418
"866",171100050605,0.9922428,1.148522,0.7043,7043,1426,20.2470538122959,1.63072838279142
"867",171100050606,0.928769,2.93025,4.3752,43752,26007,59.4418540866703,0.669740811848601
"868",171100050701,0.992344,0.7514363,1.0974,10974,2401,21.8789866958265,0.684742391106251
"869",171100050702,0.8699122,1.947119,3.2437,32437,19113,58.9234516138977,0.600277152634337
"870",171100050703,0.908051,1.159976,1.291,12910,3501,27.1185127807901,0.898509682416731
"871",171100050704,0.9060351,0.9340018,3.9993,39993,1823,4.55829770209787,0.233541319730953
"872",171100050705,0.9897547,0.3944777,0.2041,2041,259,12.6898579127879,1.93276678098971
"873",171100050706,0.732944,0.5806537,0.6211,6211,3736,60.1513443889873,0.934879568507487
"874",171100050707,0.7461399,1.128135,1.8586,18586,6143,33.0517593887873,0.606981061013666
"875",171100050708,0.5662477,1.580891,2.6157,26157,4402,16.8291470734411,0.604385441755553
"876",171100050801,0.7739082,0.3786839,0.4707,4707,990,21.0325047801147,0.804512215848736
"877",171100050802,0.7786933,0.5236961,0.8538,8538,2331,27.3014757554462,0.613370929960178
"878",171100050803,0.9615944,0.468752,0.4213,4213,769,18.2530263470211,1.112632328507
"879",171100050804,0.8885904,2.948754,4.2251,42251,18955,44.8628434829945,0.697913422167523
"880",171100050805,0.6756398,3.600688,5.9573,59573,26766,44.9297500545549,0.604416094539473
"881",171100050901,0.9136095,2.896976,5.8467,58467,33074,56.568662664409,0.495489079309696
"882",171100050902,0.9666694,0.2273531,0.0029,29,0,0,78.3976206896552
"883",171100050903,0.7091187,1.605758,1.7653,17653,7894,44.7176117373817,0.909623293491191
"884",171100190601,0.9919605,0.1062691,0,0,NA,NA,Inf
"885",171100190503,0.7298602,0.06136253,0.0846,846,0,0,0.725325413711584
"886",171100190602,0.885341,1.291964,0,0,NA,NA,Inf
"887",171100190605,0.25,11.4988,0,0,NA,NA,Inf
"888",171100190607,0.5401271,2.079673,0,0,NA,NA,Inf
"889",171100190608,1,0.00349136,0,0,NA,NA,Inf
"890",171100190609,0.6523207,1.199766,0,0,NA,NA,Inf
"891",171100190610,0.9004233,0.597614,0,0,NA,NA,Inf
"892",171100190701,0.6747505,0.4938347,0,0,NA,NA,Inf
"893",171100051001,0.9114236,0.763162,0.7242,7242,2848,39.3261529964098,1.05380005523336
"894",171100040102,0.9295435,1.939159,3.804,38040,10348,27.2029442691903,0.50976840168244
"895",171100050904,0.9664101,1.448754,1.9167,19167,11398,59.4667918818803,0.755858506808577
"896",171100050905,0.7472838,3.882874,9.3354,93354,28103,30.1036913254922,0.415930115474431
"897",171100051002,0.7727328,2.718106,4.9865,49865,32750,65.6773287877269,0.545092950967613
"898",171100190803,1,0.01147896,0,0,NA,NA,Inf
"899",171100190801,0.6433863,0.2439749,0,0,NA,NA,Inf
"900",171100190802,0.8523376,2.241865,0,0,NA,NA,Inf
"901",171100191000,0.7468782,0.6193503,0,0,NA,NA,Inf
"902",171100200101,0.7551505,1.290716,0,0,NA,NA,Inf
"903",171100200103,0.9998664,0.005620029,0,0,NA,NA,Inf
"904",171100060104,0.7486178,0.6885584,0.7112,7112,1101,15.4808773903262,0.968164229471316
"905",171100051003,0.9549128,0.6038198,1.1757,11757,5076,43.1742791528451,0.513583227013694
"906",171100051004,0.9028206,0.5248969,0.5692,5692,1301,22.8566408995081,0.922166022487702
"907",171100051005,0.8460783,3.40858,2.9025,29025,0,0,1.17436003445306
"908",171100051006,0.9761631,0.6322048,0.2936,2936,0,0,2.15328610354223
"909",171100051101,0.8519372,4.763382,10.9808,109808,32843,29.9094783622323,0.43379189130118
"910",171100051102,0.8229977,1.760364,2.0378,20378,11565,56.7523800176661,0.863855137893807
"911",171100051103,0.7197649,1.083007,1.0134,10134,4319,42.6189066508782,1.06868659956582
"912",171100051104,0.559942,26.13489,34.8075,348075,231367,66.4704445880917,0.750840767076061
"913",171100060101,0.9950354,1.170327,1.8356,18356,4322,23.5454347352364,0.637571911091741
"914",171100060102,0.9588079,2.959475,4.1987,41987,17119,40.7721437587825,0.70485507418963
"915",171100060103,0.898763,2.266362,1.7098,17098,5595,32.7231255117558,1.32551292548836
"916",170701060102,0.7037921,1.298141,0,0,NA,NA,Inf
"917",171100200203,0.7437344,0.09290589,11.5821,115821,0,0,0.0080215064625586
"918",171100200201,0.689004,0.3184858,0,0,NA,NA,Inf
"919",171100200202,0.7451162,0.04834994,0,0,NA,NA,Inf
"920",171100200204,0.4680863,6.910919,25.0861,250861,21,0.00837116969158219,0.27548797939895
"921",171100200301,0.9351005,1.199135,0.5987,5987,1424,23.7848672122933,2.00289794554869
"922",171100060202,0.7479548,0.4656588,0.6429,6429,2195,34.1421682998911,0.724309846010266
"923",171100060401,0.8111056,2.890593,3.0582,30582,15428,50.4479759335557,0.945194231901118
"924",171100060402,0.9898918,0.9873355,0.2391,2391,939,39.2722710163112,4.12938310330406
"925",171100060403,0.9885868,0.4231434,0.1292,1292,388,30.030959752322,3.27510371517028
"926",171100060404,0.4460758,12.365,22.2421,222421,111258,50.02135589715,0.555927722652088
"927",171100060405,0.5059872,9.504644,16.5002,165002,113355,68.6991672828208,0.576032048096387
"928",171100070101,0.9997629,0.2596028,0.1689,1689,208,12.3149792776791,1.5370207223209
"929",171100070102,0.7802275,2.718779,5.6088,56088,24239,43.2160176864927,0.484734524318927
"930",171100200303,0.9104372,0.8964976,0.0301,301,54,17.9401993355482,29.7839734219269
"931",171100200302,0.9455311,1.031515,0.8307,8307,3304,39.7736848441074,1.24174190441796
"932",171100200304,0.947995,0.2966387,0.0155,155,19,12.258064516129,19.1379806451613
"933",171100200305,0.9213092,2.392365,1.4731,14731,5536,37.5806123141674,1.62403434933134
"934",171100200306,0.3713519,4.942801,4.9232,49232,17390,35.3225544361391,1.00398135359116
"935",171100200403,0.6644738,2.401151,0,0,NA,NA,Inf
"936",171100200402,0.9559624,0.6355621,0,0,NA,NA,Inf
"937",171100200404,0.6803784,1.132098,0.2608,2608,397,15.2223926380368,4.34086656441718
"938",171100200405,0.5301806,1.571538,1.1002,11002,0,0,1.42841119796401
"939",171100010103,0,0,0,0,NA,NA,NA
"940",171100010206,0,0,0,0,NA,NA,NA
"941",171100010302,0,0,0,0,NA,NA,NA
"942",171100010403,0,0,0.7207,7207,243,3.37172193700569,0
"943",171100020105,0,0,0,0,NA,NA,NA
"944",171100020500,0,0,6.2432,62432,26624,42.6447975397232,0
"945",171100040503,0,0,127.4496,1274496,82251,6.45360989755951,0
"946",171100050602,0,0,0.9097,9097,0,0,0
"947",171100050401,0,0,0.323,3230,40,1.23839009287926,0
"948",171100211200,0,0,0.0087,87,0,0,0
"949",171100190702,0,0,0,0,NA,NA,NA
"950",171100200700,0,0,0.1101,1101,189,17.1662125340599,0
